path,purpose,width,height,bytes,published
media/archive/duplicates/brands-photo-001-1280x1280-retained-copy-01.jpg,Unpublished identical copy,1280,1280,992261,no
media/archive/duplicates/brands-photo-001-1920x1920-retained-copy-01.jpg,Unpublished identical copy,1920,1920,1904000,no
media/archive/duplicates/brands-photo-002-1280x2269-retained-copy-01.jpg,Unpublished identical copy,1280,2269,1353188,no
media/archive/duplicates/brands-photo-002-1920x3403-retained-copy-01.jpg,Unpublished identical copy,1920,3403,2589745,no
media/archive/duplicates/brands-photo-003-1280x1280-retained-copy-01.jpg,Unpublished identical copy,1280,1280,871938,no
media/archive/duplicates/brands-photo-003-1920x1920-retained-copy-01.jpg,Unpublished identical copy,1920,1920,1751522,no
media/archive/duplicates/brands-photo-004-1280x1280-retained-copy-01.jpg,Unpublished identical copy,1280,1280,1057314,no
media/archive/duplicates/brands-photo-004-1920x1920-retained-copy-01.jpg,Unpublished identical copy,1920,1920,2037365,no
media/archive/duplicates/brands-photo-005-1280x1280-retained-copy-01.jpg,Unpublished identical copy,1280,1280,727295,no
media/archive/duplicates/brands-photo-005-1920x1920-retained-copy-01.jpg,Unpublished identical copy,1920,1920,1543919,no
media/archive/duplicates/brands-photo-006-1280x1280-retained-copy-01.jpg,Unpublished identical copy,1280,1280,821578,no
media/archive/duplicates/brands-photo-006-1920x1920-retained-copy-01.jpg,Unpublished identical copy,1920,1920,1642863,no
media/archive/duplicates/brands-photo-007-1280x923-retained-copy-01.jpg,Unpublished identical copy,1280,923,489366,no
media/archive/duplicates/brands-photo-007-1920x1384-retained-copy-01.jpg,Unpublished identical copy,1920,1384,1160568,no
media/archive/duplicates/brands-photo-008-1280x951-retained-copy-01.jpg,Unpublished identical copy,1280,951,704870,no
media/archive/duplicates/brands-photo-008-1920x1426-retained-copy-01.jpg,Unpublished identical copy,1920,1426,1682029,no
media/archive/duplicates/brands-photo-009-1280x743-retained-copy-01.jpg,Unpublished identical copy,1280,743,311810,no
media/archive/duplicates/brands-photo-009-1920x1114-retained-copy-01.jpg,Unpublished identical copy,1920,1114,794040,no
media/archive/duplicates/brands-photo-010-1280x1943-retained-copy-01.jpg,Unpublished identical copy,1280,1943,1052428,no
media/archive/duplicates/brands-photo-010-1920x2915-retained-copy-01.jpg,Unpublished identical copy,1920,2915,2642842,no
media/archive/duplicates/brands-photo-011-1280x543-retained-copy-01.jpg,Unpublished identical copy,1280,543,217839,no
media/archive/duplicates/brands-photo-011-1920x815-retained-copy-01.jpg,Unpublished identical copy,1920,815,466509,no
media/archive/duplicates/brands-photo-012-1280x906-retained-copy-01.jpg,Unpublished identical copy,1280,906,527396,no
media/archive/duplicates/brands-photo-012-1920x1358-retained-copy-01.jpg,Unpublished identical copy,1920,1358,1229394,no
media/archive/duplicates/brands-photo-013-1280x1012-retained-copy-01.jpg,Unpublished identical copy,1280,1012,551090,no
media/archive/duplicates/brands-photo-013-1920x1518-retained-copy-01.jpg,Unpublished identical copy,1920,1518,1341496,no
media/archive/duplicates/portraits-photo-001-1280x1824-retained-copy-01.jpg,Unpublished identical copy,1280,1824,1231720,no
media/archive/duplicates/portraits-photo-001-1920x2735-retained-copy-01.jpg,Unpublished identical copy,1920,2735,3009257,no
media/archive/duplicates/portraits-photo-002-1280x2276-retained-copy-01.jpg,Unpublished identical copy,1280,2276,1693470,no
media/archive/duplicates/portraits-photo-002-1920x3413-retained-copy-01.jpg,Unpublished identical copy,1920,3413,3962757,no
media/archive/duplicates/portraits-photo-003-1280x838-retained-copy-01.jpg,Unpublished identical copy,1280,838,528872,no
media/archive/duplicates/portraits-photo-003-1920x1257-retained-copy-01.jpg,Unpublished identical copy,1920,1257,1267867,no
media/archive/duplicates/portraits-photo-004-1280x2524-retained-copy-01.jpg,Unpublished identical copy,1280,2524,2052058,no
media/archive/duplicates/portraits-photo-004-1920x3786-retained-copy-01.jpg,Unpublished identical copy,1920,3786,4535221,no
media/archive/duplicates/portraits-photo-005-1280x2802-retained-copy-01.jpg,Unpublished identical copy,1280,2802,1872016,no
media/archive/duplicates/portraits-photo-005-1871x4096-variant-2-retained-copy-01.jpg,Unpublished identical copy,1871,4096,3217633,no
media/archive/duplicates/portraits-photo-006-1280x2041-retained-copy-01.jpg,Unpublished identical copy,1280,2041,819215,no
media/archive/duplicates/portraits-photo-006-1920x3061-retained-copy-01.jpg,Unpublished identical copy,1920,3061,1844728,no
media/archive/duplicates/portraits-photo-007-1280x1911-retained-copy-01.jpg,Unpublished identical copy,1280,1911,1140703,no
media/archive/duplicates/portraits-photo-007-1920x2866-retained-copy-01.jpg,Unpublished identical copy,1920,2866,2679483,no
media/archive/duplicates/portraits-photo-008-1280x2214-retained-copy-01.jpg,Unpublished identical copy,1280,2214,1296101,no
media/archive/duplicates/portraits-photo-008-1920x3321-retained-copy-01.jpg,Unpublished identical copy,1920,3321,2599600,no
media/archive/duplicates/portraits-photo-009-1280x2321-retained-copy-01.jpg,Unpublished identical copy,1280,2321,1585565,no
media/archive/duplicates/portraits-photo-009-1920x3481-retained-copy-01.jpg,Unpublished identical copy,1920,3481,3603747,no
media/archive/duplicates/portraits-photo-010-1280x2334-retained-copy-01.jpg,Unpublished identical copy,1280,2334,1083203,no
media/archive/duplicates/portraits-photo-010-1920x3501-retained-copy-01.jpg,Unpublished identical copy,1920,3501,2141811,no
media/archive/duplicates/portraits-photo-011-1280x1967-retained-copy-01.jpg,Unpublished identical copy,1280,1967,1234854,no
media/archive/duplicates/portraits-photo-011-1920x2950-retained-copy-01.jpg,Unpublished identical copy,1920,2950,2973829,no
media/archive/duplicates/portraits-photo-012-1280x2278-retained-copy-01.jpg,Unpublished identical copy,1280,2278,1235050,no
media/archive/duplicates/portraits-photo-012-1920x3416-retained-copy-01.jpg,Unpublished identical copy,1920,3416,2965912,no
media/archive/duplicates/portraits-photo-013-1280x886-retained-copy-01.jpg,Unpublished identical copy,1280,886,685018,no
media/archive/duplicates/portraits-photo-013-1920x1329-retained-copy-01.jpg,Unpublished identical copy,1920,1329,1426699,no
media/archive/duplicates/portraits-photo-014-1280x2275-retained-copy-01.jpg,Unpublished identical copy,1280,2275,1605101,no
media/archive/duplicates/portraits-photo-014-1920x3413-retained-copy-01.jpg,Unpublished identical copy,1920,3413,3092050,no
media/archive/duplicates/portraits-photo-015-1280x1677-retained-copy-01.jpg,Unpublished identical copy,1280,1677,1243981,no
media/archive/duplicates/portraits-photo-015-1920x2516-retained-copy-01.jpg,Unpublished identical copy,1920,2516,2978881,no
media/archive/duplicates/portraits-photo-016-1280x1817-retained-copy-01.jpg,Unpublished identical copy,1280,1817,1204451,no
media/archive/duplicates/portraits-photo-016-1920x2726-retained-copy-01.jpg,Unpublished identical copy,1920,2726,2690112,no
media/archive/duplicates/portraits-photo-017-1280x1280-retained-copy-01.jpg,Unpublished identical copy,1280,1280,823371,no
media/archive/duplicates/portraits-photo-017-1920x1920-retained-copy-01.jpg,Unpublished identical copy,1920,1920,1908466,no
media/archive/duplicates/portraits-photo-018-1280x851-retained-copy-01.jpg,Unpublished identical copy,1280,851,398095,no
media/archive/duplicates/portraits-photo-018-1920x1276-retained-copy-01.jpg,Unpublished identical copy,1920,1276,903073,no
media/archive/duplicates/portraits-photo-019-1280x2276-retained-copy-01.jpg,Unpublished identical copy,1280,2276,1514055,no
media/archive/duplicates/portraits-photo-019-1920x3413-retained-copy-01.jpg,Unpublished identical copy,1920,3413,3161591,no
media/archive/duplicates/portraits-photo-020-1280x686-retained-copy-01.jpg,Unpublished identical copy,1280,686,553384,no
media/archive/duplicates/portraits-photo-020-1920x1029-retained-copy-01.jpg,Unpublished identical copy,1920,1029,1136035,no
media/archive/duplicates/portraits-photo-021-1280x1280-retained-copy-01.jpg,Unpublished identical copy,1280,1280,674030,no
media/archive/duplicates/portraits-photo-021-1920x1920-retained-copy-01.jpg,Unpublished identical copy,1920,1920,1666027,no
media/archive/duplicates/portraits-photo-022-1280x1280-retained-copy-01.jpg,Unpublished identical copy,1280,1280,824627,no
media/archive/duplicates/portraits-photo-022-1920x1920-retained-copy-01.jpg,Unpublished identical copy,1920,1920,1818461,no
media/archive/duplicates/portraits-photo-023-1280x800-retained-copy-01.jpg,Unpublished identical copy,1280,800,768689,no
media/archive/duplicates/portraits-photo-023-1920x1200-retained-copy-01.jpg,Unpublished identical copy,1920,1200,1615366,no
media/archive/duplicates/portraits-photo-024-1280x888-retained-copy-01.jpg,Unpublished identical copy,1280,888,633105,no
media/archive/duplicates/portraits-photo-024-1920x1332-retained-copy-01.jpg,Unpublished identical copy,1920,1332,1300428,no
media/archive/duplicates/portraits-photo-025-1280x1280-retained-copy-01.jpg,Unpublished identical copy,1280,1280,920351,no
media/archive/duplicates/portraits-photo-025-1920x1920-retained-copy-01.jpg,Unpublished identical copy,1920,1920,1979900,no
media/archive/duplicates/portraits-photo-026-1280x1280-retained-copy-01.jpg,Unpublished identical copy,1280,1280,880514,no
media/archive/duplicates/portraits-photo-026-1920x1920-retained-copy-01.jpg,Unpublished identical copy,1920,1920,1960809,no
media/archive/duplicates/portraits-photo-027-1280x720-retained-copy-01.jpg,Unpublished identical copy,1280,720,663707,no
media/archive/duplicates/portraits-photo-027-1920x1080-retained-copy-01.jpg,Unpublished identical copy,1920,1080,1392648,no
media/archive/duplicates/portraits-photo-028-1280x1280-retained-copy-01.jpg,Unpublished identical copy,1280,1280,1003083,no
media/archive/duplicates/portraits-photo-028-1920x1920-retained-copy-01.jpg,Unpublished identical copy,1920,1920,2113946,no
media/archive/duplicates/portraits-photo-029-1280x2276-retained-copy-01.jpg,Unpublished identical copy,1280,2276,1891706,no
media/archive/duplicates/portraits-photo-029-1920x3413-retained-copy-01.jpg,Unpublished identical copy,1920,3413,4324662,no
media/archive/duplicates/portraits-photo-030-1280x2276-retained-copy-01.jpg,Unpublished identical copy,1280,2276,1663111,no
media/archive/duplicates/portraits-photo-030-1920x3413-retained-copy-01.jpg,Unpublished identical copy,1920,3413,3561963,no
media/archive/duplicates/portraits-photo-031-1280x827-retained-copy-01.jpg,Unpublished identical copy,1280,827,667075,no
media/archive/duplicates/portraits-photo-031-1920x1240-retained-copy-01.jpg,Unpublished identical copy,1920,1240,1530133,no
media/archive/duplicates/portraits-photo-032-1280x853-retained-copy-01.jpg,Unpublished identical copy,1280,853,200679,no
media/archive/duplicates/portraits-photo-032-1920x1280-retained-copy-01.jpg,Unpublished identical copy,1920,1280,443717,no
media/archive/duplicates/portraits-photo-033-1280x1926-retained-copy-01.jpg,Unpublished identical copy,1280,1926,1216126,no
media/archive/duplicates/portraits-photo-033-1920x2890-retained-copy-01.jpg,Unpublished identical copy,1920,2890,2777519,no
media/archive/duplicates/portraits-photo-034-1280x1280-retained-copy-01.jpg,Unpublished identical copy,1280,1280,412831,no
media/archive/duplicates/portraits-photo-034-1920x1920-retained-copy-01.jpg,Unpublished identical copy,1920,1920,927505,no
media/archive/duplicates/portraits-photo-035-1280x1029-retained-copy-01.jpg,Unpublished identical copy,1280,1029,914794,no
media/archive/duplicates/portraits-photo-035-1920x1544-retained-copy-01.jpg,Unpublished identical copy,1920,1544,1775648,no
media/archive/duplicates/portraits-photo-036-1280x1280-retained-copy-01.jpg,Unpublished identical copy,1280,1280,874710,no
media/archive/duplicates/portraits-photo-036-1920x1920-retained-copy-01.jpg,Unpublished identical copy,1920,1920,1830720,no
media/archive/duplicates/portraits-photo-037-1280x681-retained-copy-01.jpg,Unpublished identical copy,1280,681,463148,no
media/archive/duplicates/portraits-photo-037-1920x1021-retained-copy-01.jpg,Unpublished identical copy,1920,1021,1106181,no
media/archive/duplicates/portraits-photo-038-1280x2276-retained-copy-01.jpg,Unpublished identical copy,1280,2276,1671496,no
media/archive/duplicates/portraits-photo-038-1920x3413-retained-copy-01.jpg,Unpublished identical copy,1920,3413,3506339,no
media/archive/duplicates/portraits-photo-039-1280x720-retained-copy-01.jpg,Unpublished identical copy,1280,720,717720,no
media/archive/duplicates/portraits-photo-039-1920x1080-retained-copy-01.jpg,Unpublished identical copy,1920,1080,1525627,no
media/archive/duplicates/portraits-photo-040-1280x2276-retained-copy-01.jpg,Unpublished identical copy,1280,2276,1570039,no
media/archive/duplicates/portraits-photo-040-1920x3413-retained-copy-01.jpg,Unpublished identical copy,1920,3413,3413688,no
media/archive/duplicates/portraits-photo-041-1280x2276-retained-copy-01.jpg,Unpublished identical copy,1280,2276,1284295,no
media/archive/duplicates/portraits-photo-041-1920x3413-retained-copy-01.jpg,Unpublished identical copy,1920,3413,2972618,no
media/archive/duplicates/portraits-photo-042-1280x720-retained-copy-01.jpg,Unpublished identical copy,1280,720,519814,no
media/archive/duplicates/portraits-photo-042-1920x1080-retained-copy-01.jpg,Unpublished identical copy,1920,1080,1140962,no
media/archive/duplicates/portraits-photo-043-1280x548-retained-copy-01.jpg,Unpublished identical copy,1280,548,339926,no
media/archive/duplicates/portraits-photo-043-1920x823-retained-copy-01.jpg,Unpublished identical copy,1920,823,830409,no
media/archive/duplicates/portraits-photo-044-1280x2276-retained-copy-01.jpg,Unpublished identical copy,1280,2276,1630717,no
media/archive/duplicates/portraits-photo-044-1920x3413-retained-copy-01.jpg,Unpublished identical copy,1920,3413,3415274,no
media/archive/duplicates/portraits-photo-045-1280x949-retained-copy-01.jpg,Unpublished identical copy,1280,949,904801,no
media/archive/duplicates/portraits-photo-045-1920x1424-retained-copy-01.jpg,Unpublished identical copy,1920,1424,1975143,no
media/archive/duplicates/portraits-photo-046-1280x2025-retained-copy-01.jpg,Unpublished identical copy,1280,2025,1394508,no
media/archive/duplicates/portraits-photo-046-1920x3038-retained-copy-01.jpg,Unpublished identical copy,1920,3038,3101056,no
media/archive/duplicates/portraits-photo-047-1280x2235-retained-copy-01.jpg,Unpublished identical copy,1280,2235,1835104,no
media/archive/duplicates/portraits-photo-047-1920x3352-retained-copy-01.jpg,Unpublished identical copy,1920,3352,4179361,no
media/archive/duplicates/portraits-photo-048-1280x1280-retained-copy-01.jpg,Unpublished identical copy,1280,1280,897355,no
media/archive/duplicates/portraits-photo-048-1920x1920-retained-copy-01.jpg,Unpublished identical copy,1920,1920,1947324,no
media/archive/duplicates/portraits-photo-049-1280x1280-retained-copy-01.jpg,Unpublished identical copy,1280,1280,765628,no
media/archive/duplicates/portraits-photo-049-1920x1920-retained-copy-01.jpg,Unpublished identical copy,1920,1920,1763256,no
media/archive/duplicates/projects-photo-001-1280x1856-retained-copy-01.jpg,Unpublished identical copy,1280,1856,1386651,no
media/archive/duplicates/projects-photo-001-1920x2784-retained-copy-01.jpg,Unpublished identical copy,1920,2784,2716944,no
media/archive/duplicates/projects-photo-002-1280x1280-retained-copy-01.jpg,Unpublished identical copy,1280,1280,558011,no
media/archive/duplicates/projects-photo-002-1920x1920-retained-copy-01.jpg,Unpublished identical copy,1920,1920,1208666,no
media/archive/duplicates/projects-photo-003-1280x2016-retained-copy-01.jpg,Unpublished identical copy,1280,2016,2062996,no
media/archive/duplicates/projects-photo-003-1920x3025-retained-copy-01.jpg,Unpublished identical copy,1920,3025,4371054,no
media/archive/duplicates/projects-photo-004-1280x1044-retained-copy-01.jpg,Unpublished identical copy,1280,1044,243888,no
media/archive/duplicates/projects-photo-004-1920x1566-retained-copy-01.jpg,Unpublished identical copy,1920,1566,477776,no
media/archive/duplicates/projects-photo-005-1280x1104-retained-copy-01.jpg,Unpublished identical copy,1280,1104,877973,no
media/archive/duplicates/projects-photo-005-1920x1657-retained-copy-01.jpg,Unpublished identical copy,1920,1657,1744661,no
media/archive/duplicates/projects-photo-006-1280x1282-retained-copy-01.jpg,Unpublished identical copy,1280,1282,612477,no
media/archive/duplicates/projects-photo-006-1920x1923-retained-copy-01.jpg,Unpublished identical copy,1920,1923,1292260,no
media/archive/duplicates/projects-photo-007-1280x594-retained-copy-01.jpg,Unpublished identical copy,1280,594,330093,no
media/archive/duplicates/projects-photo-007-1920x892-retained-copy-01.jpg,Unpublished identical copy,1920,892,702198,no
media/archive/duplicates/projects-photo-008-1280x850-retained-copy-01.jpg,Unpublished identical copy,1280,850,380326,no
media/archive/duplicates/projects-photo-008-1920x1275-retained-copy-01.jpg,Unpublished identical copy,1920,1275,844389,no
media/archive/duplicates/projects-photo-009-1280x1032-retained-copy-01.jpg,Unpublished identical copy,1280,1032,1015341,no
media/archive/duplicates/projects-photo-009-1920x1548-retained-copy-01.jpg,Unpublished identical copy,1920,1548,1922366,no
media/archive/duplicates/projects-photo-010-1280x879-retained-copy-01.jpg,Unpublished identical copy,1280,879,578848,no
media/archive/duplicates/projects-photo-010-1920x1318-retained-copy-01.jpg,Unpublished identical copy,1920,1318,1257982,no
media/archive/duplicates/projects-photo-011-1280x1926-retained-copy-01.jpg,Unpublished identical copy,1280,1926,1001171,no
media/archive/duplicates/projects-photo-011-1920x2889-retained-copy-01.jpg,Unpublished identical copy,1920,2889,1964442,no
media/archive/duplicates/projects-photo-012-1280x900-retained-copy-01.jpg,Unpublished identical copy,1280,900,352683,no
media/archive/duplicates/projects-photo-012-1920x1351-retained-copy-01.jpg,Unpublished identical copy,1920,1351,741907,no
media/archive/duplicates/projects-photo-013-1280x506-retained-copy-01.jpg,Unpublished identical copy,1280,506,213986,no
media/archive/duplicates/projects-photo-013-1920x760-retained-copy-01.jpg,Unpublished identical copy,1920,760,455684,no
media/archive/duplicates/projects-photo-014-1280x710-retained-copy-01.jpg,Unpublished identical copy,1280,710,172503,no
media/archive/duplicates/projects-photo-014-1920x1065-retained-copy-01.jpg,Unpublished identical copy,1920,1065,282052,no
media/archive/images/retained-photo-001-960x1440.jpg,Unpublished retained photograph or image variant,960,1440,659355,no
media/archive/images/retained-photo-002-320x480.jpg,Unpublished retained photograph or image variant,320,480,103282,no
media/archive/images/retained-photo-003-480x720.jpg,Unpublished retained photograph or image variant,480,720,174438,no
media/archive/images/retained-photo-004-4083x2297.jpg,Unpublished retained photograph or image variant,4083,2297,3959009,no
media/archive/images/retained-photo-005-480x720.jpg,Unpublished retained photograph or image variant,480,720,213737,no
media/archive/images/retained-photo-006-320x480.jpg,Unpublished retained photograph or image variant,320,480,122877,no
media/archive/images/retained-photo-007-960x1440.jpg,Unpublished retained photograph or image variant,960,1440,758750,no
media/archive/images/retained-photo-008-480x720.jpg,Unpublished retained photograph or image variant,480,720,159426,no
media/archive/images/retained-photo-009-480x720.jpg,Unpublished retained photograph or image variant,480,720,92757,no
media/archive/images/retained-photo-010-480x720.jpg,Unpublished retained photograph or image variant,480,720,157520,no
media/archive/images/retained-photo-011-2244x3989.jpg,Unpublished retained photograph or image variant,2244,3989,3233020,no
media/archive/images/retained-photo-012-960x961.jpg,Unpublished retained photograph or image variant,960,961,673511,no
media/archive/images/retained-photo-013-320x320.jpg,Unpublished retained photograph or image variant,320,320,87688,no
media/archive/images/retained-photo-014-2560x2562.jpg,Unpublished retained photograph or image variant,2560,2562,3322321,no
media/archive/images/retained-photo-015-480x481.jpg,Unpublished retained photograph or image variant,480,481,185234,no
media/archive/images/retained-photo-016-2600x4096.jpg,Unpublished retained photograph or image variant,2600,4096,7208415,no
media/archive/images/retained-photo-017-320x480.jpg,Unpublished retained photograph or image variant,320,480,116314,no
media/archive/images/retained-photo-018-480x720.jpg,Unpublished retained photograph or image variant,480,720,221361,no
media/archive/images/retained-photo-019-960x1440.jpg,Unpublished retained photograph or image variant,960,1440,829588,no
media/archive/images/retained-photo-020-2259x4096.jpg,Unpublished retained photograph or image variant,2259,4096,4338359,no
media/archive/images/retained-photo-021-320x464.jpg,Unpublished retained photograph or image variant,320,464,100560,no
media/archive/images/retained-photo-022-320x580.jpg,Unpublished retained photograph or image variant,320,580,122302,no
media/archive/images/retained-photo-023-320x180.jpg,Unpublished retained photograph or image variant,320,180,78019,no
media/archive/images/retained-photo-024-320x213.jpg,Unpublished retained photograph or image variant,320,213,69976,no
media/archive/images/retained-photo-025-320x213.jpg,Unpublished retained photograph or image variant,320,213,44020,no
media/archive/images/retained-photo-026-320x226.jpg,Unpublished retained photograph or image variant,320,226,67557,no
media/archive/images/retained-photo-027-320x231.jpg,Unpublished retained photograph or image variant,320,231,57730,no
media/archive/images/retained-photo-028-320x178.jpg,Unpublished retained photograph or image variant,320,178,31264,no
media/archive/images/retained-photo-029-320x701.jpg,Unpublished retained photograph or image variant,320,701,97372,no
media/archive/images/retained-photo-030-320x200.jpg,Unpublished retained photograph or image variant,320,200,67648,no
media/archive/images/retained-photo-031-320x213.jpg,Unpublished retained photograph or image variant,320,213,38596,no
media/archive/images/retained-photo-032-320x320.jpg,Unpublished retained photograph or image variant,320,320,141204,no
media/archive/images/retained-photo-033-320x320.jpg,Unpublished retained photograph or image variant,320,320,55955,no
media/archive/images/retained-photo-034-320x454.jpg,Unpublished retained photograph or image variant,320,454,99630,no
media/archive/images/retained-photo-035-320x320.jpg,Unpublished retained photograph or image variant,320,320,93820,no
media/archive/images/retained-photo-036-320x320.jpg,Unpublished retained photograph or image variant,320,320,104744,no
media/archive/images/retained-photo-037-320x554.jpg,Unpublished retained photograph or image variant,320,554,128070,no
media/archive/images/retained-photo-038-320x320.jpg,Unpublished retained photograph or image variant,320,320,151831,no
media/archive/images/retained-photo-039-320x456.jpg,Unpublished retained photograph or image variant,320,456,78873,no
media/archive/images/retained-photo-040-320x569.jpg,Unpublished retained photograph or image variant,320,569,133265,no
media/archive/images/retained-photo-041-320x506.jpg,Unpublished retained photograph or image variant,320,506,124957,no
media/archive/images/retained-photo-042-320x320.jpg,Unpublished retained photograph or image variant,320,320,95077,no
media/archive/images/retained-photo-043-320x320.jpg,Unpublished retained photograph or image variant,320,320,60296,no
media/archive/images/retained-photo-044-320x320.jpg,Unpublished retained photograph or image variant,320,320,56641,no
media/archive/images/retained-photo-045-320x320.jpg,Unpublished retained photograph or image variant,320,320,90343,no
media/archive/images/retained-photo-046-320x180.png,Unpublished retained photograph or image variant,320,180,105607,no
media/archive/images/retained-photo-047-320x569.jpg,Unpublished retained photograph or image variant,320,569,134558,no
media/archive/images/retained-photo-048-320x180.jpg,Unpublished retained photograph or image variant,320,180,68855,no
media/archive/images/retained-photo-049-320x492.jpg,Unpublished retained photograph or image variant,320,492,104490,no
media/archive/images/retained-photo-050-320x569.jpg,Unpublished retained photograph or image variant,320,569,86404,no
media/archive/images/retained-photo-051-320x172.jpg,Unpublished retained photograph or image variant,320,172,62223,no
media/archive/images/retained-photo-052-320x220.jpg,Unpublished retained photograph or image variant,320,220,39807,no
media/archive/images/retained-photo-053-320x320.jpg,Unpublished retained photograph or image variant,320,320,89496,no
media/archive/images/retained-photo-054-320x569.jpg,Unpublished retained photograph or image variant,320,569,79005,no
media/archive/images/retained-photo-055-320x569.jpg,Unpublished retained photograph or image variant,320,569,120314,no
media/archive/images/retained-photo-056-320x569.jpg,Unpublished retained photograph or image variant,320,569,131203,no
media/archive/images/retained-photo-057-320x510.jpg,Unpublished retained photograph or image variant,320,510,46571,no
media/archive/images/retained-photo-058-320x320.jpg,Unpublished retained photograph or image variant,320,320,85616,no
media/archive/images/retained-photo-059-320x180.jpg,Unpublished retained photograph or image variant,320,180,85372,no
media/archive/images/retained-photo-060-320x569.jpg,Unpublished retained photograph or image variant,320,569,99170,no
media/archive/images/retained-photo-061-320x320.jpg,Unpublished retained photograph or image variant,320,320,97017,no
media/archive/images/retained-photo-062-320x253.jpg,Unpublished retained photograph or image variant,320,253,64638,no
media/archive/images/retained-photo-063-320x320.jpg,Unpublished retained photograph or image variant,320,320,44628,no
media/archive/images/retained-photo-064-320x136.jpg,Unpublished retained photograph or image variant,320,136,50701,no
media/archive/images/retained-photo-065-320x584.jpg,Unpublished retained photograph or image variant,320,584,106536,no
media/archive/images/retained-photo-066-320x207.jpg,Unpublished retained photograph or image variant,320,207,74594,no
media/archive/images/retained-photo-067-320x631.jpg,Unpublished retained photograph or image variant,320,631,146865,no
media/archive/images/retained-photo-068-320x225.jpg,Unpublished retained photograph or image variant,320,225,34448,no
media/archive/images/retained-photo-069-320x504.jpg,Unpublished retained photograph or image variant,320,504,87654,no
media/archive/images/retained-photo-070-320x210.jpg,Unpublished retained photograph or image variant,320,210,47425,no
media/archive/images/retained-photo-071-320x320.jpg,Unpublished retained photograph or image variant,320,320,98135,no
media/archive/images/retained-photo-072-320x569.jpg,Unpublished retained photograph or image variant,320,569,178788,no
media/archive/images/retained-photo-073-320x478.jpg,Unpublished retained photograph or image variant,320,478,101334,no
media/archive/images/retained-photo-074-320x257.jpg,Unpublished retained photograph or image variant,320,257,101259,no
media/archive/images/retained-photo-075-320x213.jpg,Unpublished retained photograph or image variant,320,213,58385,no
media/archive/images/retained-photo-076-320x127.jpg,Unpublished retained photograph or image variant,320,127,34452,no
media/archive/images/retained-photo-077-320x261.jpg,Unpublished retained photograph or image variant,320,261,35078,no
media/archive/images/retained-photo-078-320x222.jpg,Unpublished retained photograph or image variant,320,222,72546,no
media/archive/images/retained-photo-079-320x219.jpg,Unpublished retained photograph or image variant,320,219,82933,no
media/archive/images/retained-photo-080-320x559.jpg,Unpublished retained photograph or image variant,320,559,135859,no
media/archive/images/retained-photo-081-320x149.jpg,Unpublished retained photograph or image variant,320,149,34834,no
media/archive/images/retained-photo-082-320x482.jpg,Unpublished retained photograph or image variant,320,482,115027,no
media/archive/images/retained-photo-083-320x320.jpg,Unpublished retained photograph or image variant,320,320,113595,no
media/archive/images/retained-photo-084-320x212.jpg,Unpublished retained photograph or image variant,320,212,38807,no
media/archive/images/retained-photo-085-320x320.jpg,Unpublished retained photograph or image variant,320,320,120789,no
media/archive/images/retained-photo-086-320x137.jpg,Unpublished retained photograph or image variant,320,137,51396,no
media/archive/images/retained-photo-087-320x320.jpg,Unpublished retained photograph or image variant,320,320,105388,no
media/archive/images/retained-photo-088-320x170.jpg,Unpublished retained photograph or image variant,320,170,49808,no
media/archive/images/retained-photo-089-320x276.jpg,Unpublished retained photograph or image variant,320,276,63931,no
media/archive/images/retained-photo-090-320x258.jpg,Unpublished retained photograph or image variant,320,258,63476,no
media/archive/images/retained-photo-091-320x238.jpg,Unpublished retained photograph or image variant,320,238,72165,no
media/archive/images/retained-photo-092-320x320.jpg,Unpublished retained photograph or image variant,320,320,51220,no
media/archive/images/retained-photo-093-320x222.jpg,Unpublished retained photograph or image variant,320,222,65491,no
media/archive/images/retained-photo-094-320x237.jpg,Unpublished retained photograph or image variant,320,237,96901,no
media/archive/images/retained-photo-095-320x186.jpg,Unpublished retained photograph or image variant,320,186,46330,no
media/archive/images/retained-photo-096-320x482.jpg,Unpublished retained photograph or image variant,320,482,83931,no
media/archive/images/retained-photo-097-320x569.jpg,Unpublished retained photograph or image variant,320,569,129135,no
media/archive/images/retained-photo-098-320x567.jpg,Unpublished retained photograph or image variant,320,567,118127,no
media/archive/images/retained-photo-099-320x486.jpg,Unpublished retained photograph or image variant,320,486,78091,no
media/archive/images/retained-photo-100-320x569.jpg,Unpublished retained photograph or image variant,320,569,141580,no
media/archive/images/retained-photo-101-320x419.jpg,Unpublished retained photograph or image variant,320,419,95934,no
media/archive/images/retained-photo-102-2560x2088.jpg,Unpublished retained photograph or image variant,2560,2088,776043,no
media/archive/images/retained-photo-103-2246x4096.jpg,Unpublished retained photograph or image variant,2246,4096,2180116,no
media/archive/images/retained-photo-104-2560x1757.jpg,Unpublished retained photograph or image variant,2560,1757,2322338,no
media/archive/images/retained-photo-105-2560x1097.jpg,Unpublished retained photograph or image variant,2560,1097,1497879,no
media/archive/images/retained-photo-106-2259x4096.jpg,Unpublished retained photograph or image variant,2259,4096,4338359,no
media/archive/images/retained-photo-107-2560x1811.jpg,Unpublished retained photograph or image variant,2560,1811,2296143,no
media/archive/images/retained-photo-108-2560x1440.jpg,Unpublished retained photograph or image variant,2560,1440,2286642,no
media/archive/images/retained-photo-109-2560x1486.jpg,Unpublished retained photograph or image variant,2560,1486,1572463,no
media/archive/images/retained-photo-110-2304x4096.jpg,Unpublished retained photograph or image variant,2304,4096,3475315,no
media/archive/images/retained-photo-111-2560x1701.jpg,Unpublished retained photograph or image variant,2560,1701,1570506,no
media/archive/images/retained-photo-112-2560x1773.jpg,Unpublished retained photograph or image variant,2560,1773,2274064,no
media/archive/images/retained-photo-113-2304x4096.jpg,Unpublished retained photograph or image variant,2304,4096,4041742,no
media/archive/images/retained-photo-114-2077x4096.jpg,Unpublished retained photograph or image variant,2077,4096,4582437,no
media/archive/images/retained-photo-115-2302x4096.jpg,Unpublished retained photograph or image variant,2302,4096,3520431,no
media/archive/images/retained-photo-116-2560x4033.jpg,Unpublished retained photograph or image variant,2560,4033,7699278,no
media/archive/images/retained-photo-117-2560x1676.jpg,Unpublished retained photograph or image variant,2560,1676,2398271,no
media/archive/images/retained-photo-118-2346x4096.jpg,Unpublished retained photograph or image variant,2346,4096,5313577,no
media/archive/images/retained-photo-119-2560x1846.jpg,Unpublished retained photograph or image variant,2560,1846,2196705,no
media/archive/images/retained-photo-120-2560x1600.jpg,Unpublished retained photograph or image variant,2560,1600,2615806,no
media/archive/images/retained-photo-121-2560x1776.jpg,Unpublished retained photograph or image variant,2560,1776,2073006,no
media/archive/images/retained-photo-122-2560x1013.jpg,Unpublished retained photograph or image variant,2560,1013,873169,no
media/archive/images/retained-photo-123-2560x4050.jpg,Unpublished retained photograph or image variant,2560,4050,5247541,no
media/archive/images/retained-photo-124-2560x3354.jpg,Unpublished retained photograph or image variant,2560,3354,5293228,no
media/archive/images/retained-photo-125-2560x4082.jpg,Unpublished retained photograph or image variant,2560,4082,2948546,no
media/archive/images/retained-photo-126-2560x3821.jpg,Unpublished retained photograph or image variant,2560,3821,4446732,no
media/archive/images/retained-photo-127-2560x1440.jpg,Unpublished retained photograph or image variant,2560,1440,2514256,no
media/archive/images/retained-photo-128-2560x1700.jpg,Unpublished retained photograph or image variant,2560,1700,1509670,no
media/archive/images/retained-photo-129-2304x4096.jpg,Unpublished retained photograph or image variant,2304,4096,3985096,no
media/archive/images/retained-photo-130-2304x4096.jpg,Unpublished retained photograph or image variant,2304,4096,3581892,no
media/archive/images/retained-photo-131-2560x2059.jpg,Unpublished retained photograph or image variant,2560,2059,2713631,no
media/archive/images/retained-photo-132-2560x1707.jpg,Unpublished retained photograph or image variant,2560,1707,894035,no
media/archive/images/retained-photo-133-2560x1653.jpg,Unpublished retained photograph or image variant,2560,1653,2825969,no
media/archive/images/retained-photo-134-2560x1440.jpg,Unpublished retained photograph or image variant,2560,1440,2039331,no
media/archive/images/retained-photo-135-2560x3635.jpg,Unpublished retained photograph or image variant,2560,3635,4297023,no
media/archive/images/retained-photo-136-2311x4096.jpg,Unpublished retained photograph or image variant,2311,4096,2835039,no
media/archive/images/retained-photo-137-2560x3853.jpg,Unpublished retained photograph or image variant,2560,3853,4616927,no
media/archive/images/retained-photo-138-2560x1899.jpg,Unpublished retained photograph or image variant,2560,1899,3537621,no
media/archive/images/retained-photo-139-2560x1801.jpg,Unpublished retained photograph or image variant,2560,1801,1396862,no
media/archive/images/retained-photo-140-2560x2064.jpg,Unpublished retained photograph or image variant,2560,2064,3345182,no
media/archive/images/retained-photo-141-2560x1087.jpg,Unpublished retained photograph or image variant,2560,1087,876486,no
media/archive/images/retained-photo-142-2560x1902.jpg,Unpublished retained photograph or image variant,2560,1902,3113758,no
media/archive/images/retained-photo-143-2560x1189.jpg,Unpublished retained photograph or image variant,2560,1189,1243064,no
media/archive/images/retained-photo-144-2560x1373.jpg,Unpublished retained photograph or image variant,2560,1373,1795408,no
media/archive/images/retained-photo-145-2560x1362.jpg,Unpublished retained photograph or image variant,2560,1362,2099946,no
media/archive/images/retained-photo-146-2244x3989.jpg,Unpublished retained photograph or image variant,2244,3989,3233020,no
media/archive/images/retained-photo-147-2560x2560.jpg,Unpublished retained photograph or image variant,2560,2560,2828308,no
media/archive/images/retained-photo-148-2368x4096.jpg,Unpublished retained photograph or image variant,2368,4096,2928641,no
media/archive/images/retained-photo-149-2304x4096.jpg,Unpublished retained photograph or image variant,2304,4096,5362262,no
media/archive/images/retained-photo-150-2304x4096.jpg,Unpublished retained photograph or image variant,2304,4096,3820417,no
media/archive/images/retained-photo-151-2304x4096.jpg,Unpublished retained photograph or image variant,2304,4096,3859050,no
media/archive/images/retained-photo-152-2560x3712.jpg,Unpublished retained photograph or image variant,2560,3712,4335205,no
media/archive/images/retained-photo-153-2304x4096.jpg,Unpublished retained photograph or image variant,2304,4096,4953112,no
media/archive/images/retained-photo-154-2560x3933.jpg,Unpublished retained photograph or image variant,2560,3933,5176139,no
media/archive/images/retained-photo-155-2560x1420.jpg,Unpublished retained photograph or image variant,2560,1420,506585,no
media/archive/images/retained-photo-156-2560x3886.jpg,Unpublished retained photograph or image variant,2560,3886,4749818,no
media/archive/images/retained-photo-157-2560x3647.jpg,Unpublished retained photograph or image variant,2560,3647,5323572,no
media/archive/images/retained-photo-158-2560x2024.jpg,Unpublished retained photograph or image variant,2560,2024,2567823,no
media/archive/images/retained-photo-159-2560x3852.jpg,Unpublished retained photograph or image variant,2560,3852,3109258,no
media/archive/images/retained-photo-160-960x1440.jpg,Unpublished retained photograph or image variant,960,1440,662332,no
media/archive/images/retained-photo-161-320x480.jpg,Unpublished retained photograph or image variant,320,480,122490,no
media/archive/images/retained-photo-162-480x720.jpg,Unpublished retained photograph or image variant,480,720,196745,no
media/archive/images/retained-photo-163-3026x3026.jpg,Unpublished retained photograph or image variant,3026,3026,3588062,no
media/archive/images/retained-photo-164-3095x4055.jpg,Unpublished retained photograph or image variant,3095,4055,6548960,no
media/archive/images/retained-photo-165-480x206.jpg,Unpublished retained photograph or image variant,480,206,70471,no
media/archive/images/retained-photo-166-480x392.jpg,Unpublished retained photograph or image variant,480,392,52232,no
media/archive/images/retained-photo-167-480x319.jpg,Unpublished retained photograph or image variant,480,319,61540,no
media/archive/images/retained-photo-168-480x387.jpg,Unpublished retained photograph or image variant,480,387,129151,no
media/archive/images/retained-photo-169-480x204.jpg,Unpublished retained photograph or image variant,480,204,67904,no
media/archive/images/retained-photo-170-480x480.jpg,Unpublished retained photograph or image variant,480,480,180818,no
media/archive/images/retained-photo-171-480x480.jpg,Unpublished retained photograph or image variant,480,480,225816,no
media/archive/images/retained-photo-172-480x357.jpg,Unpublished retained photograph or image variant,480,357,114898,no
media/archive/images/retained-photo-173-480x853.jpg,Unpublished retained photograph or image variant,480,853,255114,no
media/archive/images/retained-photo-174-480x853.jpg,Unpublished retained photograph or image variant,480,853,238786,no
media/archive/images/retained-photo-175-480x340.jpg,Unpublished retained photograph or image variant,480,340,101209,no
media/archive/images/retained-photo-176-480x722.jpg,Unpublished retained photograph or image variant,480,722,162280,no
media/archive/images/retained-photo-177-480x854.jpg,Unpublished retained photograph or image variant,480,854,152556,no
media/archive/images/retained-photo-178-480x481.jpg,Unpublished retained photograph or image variant,480,481,90702,no
media/archive/images/retained-photo-179-480x853.jpg,Unpublished retained photograph or image variant,480,853,159075,no
media/archive/images/retained-photo-180-480x629.jpg,Unpublished retained photograph or image variant,480,629,176596,no
media/archive/images/retained-photo-181-480x270.jpg,Unpublished retained photograph or image variant,480,270,110663,no
media/archive/images/retained-photo-182-480x319.jpg,Unpublished retained photograph or image variant,480,319,59100,no
media/archive/images/retained-photo-183-480x255.jpg,Unpublished retained photograph or image variant,480,255,76800,no
media/archive/images/retained-photo-184-480x717.jpg,Unpublished retained photograph or image variant,480,717,168957,no
media/archive/images/retained-photo-185-480x853.jpg,Unpublished retained photograph or image variant,480,853,242660,no
media/archive/images/retained-photo-186-480x480.jpg,Unpublished retained photograph or image variant,480,480,154471,no
media/archive/images/retained-photo-187-480x414.jpg,Unpublished retained photograph or image variant,480,414,123197,no
media/archive/images/retained-photo-188-480x729.jpg,Unpublished retained photograph or image variant,480,729,136264,no
media/archive/images/retained-photo-189-480x223.jpg,Unpublished retained photograph or image variant,480,223,53078,no
media/archive/images/retained-photo-190-480x338.jpg,Unpublished retained photograph or image variant,480,338,53688,no
media/archive/images/retained-photo-191-480x480.jpg,Unpublished retained photograph or image variant,480,480,77668,no
media/archive/images/retained-photo-192-480x386.jpg,Unpublished retained photograph or image variant,480,386,160765,no
media/archive/images/retained-photo-193-480x853.jpg,Unpublished retained photograph or image variant,480,853,203020,no
media/archive/images/retained-photo-194-480x851.jpg,Unpublished retained photograph or image variant,480,851,214439,no
media/archive/images/retained-photo-195-480x379.jpg,Unpublished retained photograph or image variant,480,379,97179,no
media/archive/images/retained-photo-196-480x356.jpg,Unpublished retained photograph or image variant,480,356,157792,no
media/archive/images/retained-photo-197-480x480.jpg,Unpublished retained photograph or image variant,480,480,143959,no
media/archive/images/retained-photo-198-480x1051.jpg,Unpublished retained photograph or image variant,480,1051,223942,no
media/archive/images/retained-photo-199-480x684.jpg,Unpublished retained photograph or image variant,480,684,155344,no
media/archive/images/retained-photo-200-480x737.jpg,Unpublished retained photograph or image variant,480,737,177364,no
media/archive/images/retained-photo-201-480x480.jpg,Unpublished retained photograph or image variant,480,480,177295,no
media/archive/images/retained-photo-202-480x320.jpg,Unpublished retained photograph or image variant,480,320,57097,no
media/archive/images/retained-photo-203-480x480.jpg,Unpublished retained photograph or image variant,480,480,82443,no
media/archive/images/retained-photo-204-480x300.jpg,Unpublished retained photograph or image variant,480,300,115598,no
media/archive/images/retained-photo-205-480x480.jpg,Unpublished retained photograph or image variant,480,480,181503,no
media/archive/images/retained-photo-206-480x853.jpg,Unpublished retained photograph or image variant,480,853,299467,no
media/archive/images/retained-photo-207-480x257.jpg,Unpublished retained photograph or image variant,480,257,93594,no
media/archive/images/retained-photo-208-480x480.jpg,Unpublished retained photograph or image variant,480,480,150745,no
media/archive/images/retained-photo-209-480x875.jpg,Unpublished retained photograph or image variant,480,875,168196,no
media/archive/images/retained-photo-210-480x319.jpg,Unpublished retained photograph or image variant,480,319,108910,no
media/archive/images/retained-photo-211-480x830.jpg,Unpublished retained photograph or image variant,480,830,210289,no
media/archive/images/retained-photo-212-480x947.jpg,Unpublished retained photograph or image variant,480,947,284884,no
media/archive/images/retained-photo-213-480x330.jpg,Unpublished retained photograph or image variant,480,330,69408,no
media/archive/images/retained-photo-214-480x480.jpg,Unpublished retained photograph or image variant,480,480,92575,no
media/archive/images/retained-photo-215-480x480.jpg,Unpublished retained photograph or image variant,480,480,182648,no
media/archive/images/retained-photo-216-480x696.jpg,Unpublished retained photograph or image variant,480,696,202581,no
media/archive/images/retained-photo-217-480x279.jpg,Unpublished retained photograph or image variant,480,279,64587,no
media/archive/images/retained-photo-218-480x480.jpg,Unpublished retained photograph or image variant,480,480,105884,no
media/archive/images/retained-photo-219-480x765.jpg,Unpublished retained photograph or image variant,480,765,96335,no
media/archive/images/retained-photo-220-480x314.jpg,Unpublished retained photograph or image variant,480,314,77198,no
media/archive/images/retained-photo-221-480x853.jpg,Unpublished retained photograph or image variant,480,853,231895,no
media/archive/images/retained-photo-222-480x270.png,Unpublished retained photograph or image variant,480,270,236112,no
media/archive/images/retained-photo-223-480x270.jpg,Unpublished retained photograph or image variant,480,270,126361,no
media/archive/images/retained-photo-224-480x480.jpg,Unpublished retained photograph or image variant,480,480,226482,no
media/archive/images/retained-photo-225-480x681.jpg,Unpublished retained photograph or image variant,480,681,181747,no
media/archive/images/retained-photo-226-480x270.jpg,Unpublished retained photograph or image variant,480,270,108558,no
media/archive/images/retained-photo-227-480x332.jpg,Unpublished retained photograph or image variant,480,332,103427,no
media/archive/images/retained-photo-228-480x480.jpg,Unpublished retained photograph or image variant,480,480,157819,no
media/archive/images/retained-photo-229-480x870.jpg,Unpublished retained photograph or image variant,480,870,217321,no
media/archive/images/retained-photo-230-480x346.jpg,Unpublished retained photograph or image variant,480,346,88486,no
media/archive/images/retained-photo-231-480x480.jpg,Unpublished retained photograph or image variant,480,480,147402,no
media/archive/images/retained-photo-232-480x190.jpg,Unpublished retained photograph or image variant,480,190,50959,no
media/archive/images/retained-photo-233-480x853.jpg,Unpublished retained photograph or image variant,480,853,235756,no
media/archive/images/retained-photo-234-480x480.jpg,Unpublished retained photograph or image variant,480,480,141964,no
media/archive/images/retained-photo-235-480x756.jpg,Unpublished retained photograph or image variant,480,756,208324,no
media/archive/images/retained-photo-236-480x838.jpg,Unpublished retained photograph or image variant,480,838,258038,no
media/archive/images/retained-photo-237-480x853.jpg,Unpublished retained photograph or image variant,480,853,244204,no
media/archive/images/retained-photo-238-480x722.jpg,Unpublished retained photograph or image variant,480,722,195223,no
media/archive/images/retained-photo-239-480x266.jpg,Unpublished retained photograph or image variant,480,266,43805,no
media/archive/images/retained-photo-240-480x759.jpg,Unpublished retained photograph or image variant,480,759,212784,no
media/archive/images/retained-photo-241-480x328.jpg,Unpublished retained photograph or image variant,480,328,103487,no
media/archive/images/retained-photo-242-480x480.jpg,Unpublished retained photograph or image variant,480,480,157794,no
media/archive/images/retained-photo-243-480x319.jpg,Unpublished retained photograph or image variant,480,319,90294,no
media/archive/images/retained-photo-244-480x333.jpg,Unpublished retained photograph or image variant,480,333,110151,no
media/archive/images/retained-photo-245-480x310.jpg,Unpublished retained photograph or image variant,480,310,117648,no
media/archive/images/retained-photo-246-2681x4035.jpg,Unpublished retained photograph or image variant,2681,4035,4144321,no
media/archive/images/retained-photo-247-3001x3001.jpg,Unpublished retained photograph or image variant,3001,3001,3123787,no
media/archive/images/retained-photo-248-2569x4096.jpg,Unpublished retained photograph or image variant,2569,4096,2369992,no
media/archive/images/retained-photo-249-2560x3840.jpg,Unpublished retained photograph or image variant,2560,3840,2497150,no
media/archive/images/retained-photo-250-2560x3840.jpg,Unpublished retained photograph or image variant,2560,3840,2805360,no
media/archive/images/retained-photo-251-2560x3840.jpg,Unpublished retained photograph or image variant,2560,3840,3004610,no
media/archive/images/retained-photo-252-2246x4096.jpg,Unpublished retained photograph or image variant,2246,4096,2180116,no
media/archive/images/retained-photo-253-3264x3264.jpg,Unpublished retained photograph or image variant,3264,3264,3289549,no
media/archive/images/retained-photo-254-3264x3264.jpg,Unpublished retained photograph or image variant,3264,3264,3810929,no
media/archive/images/retained-photo-255-3264x3264.jpg,Unpublished retained photograph or image variant,3264,3264,3695177,no
media/archive/images/retained-photo-256-3264x3264.jpg,Unpublished retained photograph or image variant,3264,3264,2958133,no
media/archive/images/retained-photo-257-3264x3264.jpg,Unpublished retained photograph or image variant,3264,3264,3737718,no
media/archive/images/retained-photo-258-3264x3264.jpg,Unpublished retained photograph or image variant,3264,3264,1878648,no
media/archive/images/retained-photo-259-3264x3264.jpg,Unpublished retained photograph or image variant,3264,3264,3456940,no
media/archive/images/retained-photo-260-3264x3269.jpg,Unpublished retained photograph or image variant,3264,3269,2077371,no
media/archive/images/retained-photo-261-3264x3264.jpg,Unpublished retained photograph or image variant,3264,3264,4005958,no
media/archive/images/retained-photo-262-3264x3264.jpg,Unpublished retained photograph or image variant,3264,3264,4096763,no
media/archive/images/retained-photo-263-3264x3264.jpg,Unpublished retained photograph or image variant,3264,3264,2009151,no
media/archive/images/retained-photo-264-3947x3174.jpg,Unpublished retained photograph or image variant,3947,3174,4460958,no
media/archive/images/retained-photo-265-2666x4096.jpg,Unpublished retained photograph or image variant,2666,4096,4852466,no
media/archive/images/retained-photo-266-3840x2701.jpg,Unpublished retained photograph or image variant,3840,2701,1887121,no
media/archive/images/retained-photo-267-3840x3096.jpg,Unpublished retained photograph or image variant,3840,3096,4923439,no
media/archive/images/retained-photo-268-3840x2636.jpg,Unpublished retained photograph or image variant,3840,2636,4066313,no
media/archive/images/retained-photo-269-3840x2130.jpg,Unpublished retained photograph or image variant,3840,2130,659747,no
media/archive/images/retained-photo-270-3840x2550.jpg,Unpublished retained photograph or image variant,3840,2550,1725595,no
media/archive/images/retained-photo-271-2077x4096.jpg,Unpublished retained photograph or image variant,2077,4096,4582437,no
media/archive/images/retained-photo-272-3732x3044.jpg,Unpublished retained photograph or image variant,3732,3044,899681,no
media/archive/images/retained-photo-273-2602x3773.jpg,Unpublished retained photograph or image variant,2602,3773,3300312,no
media/archive/images/retained-photo-274-960x1440.jpg,Unpublished retained photograph or image variant,960,1440,723013,no
media/archive/images/retained-photo-275-480x720.jpg,Unpublished retained photograph or image variant,480,720,178244,no
media/archive/images/retained-photo-276-320x480.jpg,Unpublished retained photograph or image variant,320,480,90091,no
media/archive/images/retained-photo-277-2722x4096.jpg,Unpublished retained photograph or image variant,2722,4096,2976164,no
media/archive/images/retained-photo-278-480x720.jpg,Unpublished retained photograph or image variant,480,720,214855,no
media/archive/images/retained-photo-279-320x480.jpg,Unpublished retained photograph or image variant,320,480,111655,no
media/archive/images/retained-photo-280-960x1439.jpg,Unpublished retained photograph or image variant,960,1439,854763,no
media/archive/images/retained-photo-281-4096x2377.jpg,Unpublished retained photograph or image variant,4096,2377,3553027,no
media/archive/images/retained-photo-282-4096x3043.jpg,Unpublished retained photograph or image variant,4096,3043,7463024,no
media/archive/images/retained-photo-283-4096x2722.jpg,Unpublished retained photograph or image variant,4096,2722,2814566,no
media/archive/images/retained-photo-284-4096x2645.jpg,Unpublished retained photograph or image variant,4096,2645,6427677,no
media/archive/images/retained-photo-285-4096x2560.jpg,Unpublished retained photograph or image variant,4096,2560,4530215,no
media/archive/images/retained-photo-286-4096x2953.jpg,Unpublished retained photograph or image variant,4096,2953,4780082,no
media/archive/images/retained-photo-287-4096x2304.jpg,Unpublished retained photograph or image variant,4096,2304,4528030,no
media/archive/images/retained-photo-288-4096x2196.jpg,Unpublished retained photograph or image variant,4096,2196,3102444,no
media/archive/images/retained-photo-289-4096x2836.jpg,Unpublished retained photograph or image variant,4096,2836,3924277,no
media/archive/images/retained-photo-290-4096x2682.jpg,Unpublished retained photograph or image variant,4096,2682,5063188,no
media/archive/images/retained-photo-291-4096x2898.jpg,Unpublished retained photograph or image variant,4096,2898,5346645,no
media/archive/images/retained-photo-292-4096x3038.jpg,Unpublished retained photograph or image variant,4096,3038,7692791,no
media/archive/images/retained-photo-293-4096x2304.jpg,Unpublished retained photograph or image variant,4096,2304,3633134,no
media/archive/images/retained-photo-294-4096x2731.jpg,Unpublished retained photograph or image variant,4096,2731,1709092,no
media/archive/images/retained-photo-295-4096x2179.jpg,Unpublished retained photograph or image variant,4096,2179,4895498,no
media/archive/images/retained-photo-296-4096x2842.jpg,Unpublished retained photograph or image variant,4096,2842,3642101,no
media/archive/images/retained-photo-297-4096x3238.jpg,Unpublished retained photograph or image variant,4096,3238,5990781,no
media/archive/images/retained-photo-298-320x480.jpg,Unpublished retained photograph or image variant,320,480,79966,no
media/archive/images/retained-photo-299-320x480.jpg,Unpublished retained photograph or image variant,320,480,88970,no
media/archive/images/retained-photo-300-320x480.jpg,Unpublished retained photograph or image variant,320,480,45259,no
media/archive/images/retained-photo-301-320x120.jpg,Unpublished retained photograph or image variant,320,120,56532,no
media/archive/images/retained-photo-302-480x180.jpg,Unpublished retained photograph or image variant,480,180,80641,no
media/archive/images/retained-photo-303-960x360.jpg,Unpublished retained photograph or image variant,960,360,239226,no
media/archive/images/retained-photo-304-48x48.jpg,Unpublished retained photograph or image variant,48,48,2827,no
media/archive/images/retained-photo-305-3361x2900.jpg,Unpublished retained photograph or image variant,3361,2900,3162298,no
media/archive/images/retained-photo-306-2346x4096.jpg,Unpublished retained photograph or image variant,2346,4096,5313577,no
media/archive/images/retained-photo-307-3072x3072.jpg,Unpublished retained photograph or image variant,3072,3072,4073983,no
media/archive/images/retained-photo-308-3072x1304.jpg,Unpublished retained photograph or image variant,3072,1304,1279291,no
media/archive/images/retained-photo-309-3072x3072.jpg,Unpublished retained photograph or image variant,3072,3072,2633915,no
media/archive/images/retained-photo-310-3072x1426.jpg,Unpublished retained photograph or image variant,3072,1426,1706600,no
media/archive/images/retained-photo-311-3072x3072.jpg,Unpublished retained photograph or image variant,3072,3072,2311312,no
media/archive/images/retained-photo-312-3072x1316.jpg,Unpublished retained photograph or image variant,3072,1316,2174794,no
media/archive/images/retained-photo-313-3072x3072.jpg,Unpublished retained photograph or image variant,3072,3072,4472047,no
media/archive/images/retained-photo-314-3072x1215.jpg,Unpublished retained photograph or image variant,3072,1215,1255272,no
media/archive/images/retained-photo-315-3072x4025.jpg,Unpublished retained photograph or image variant,3072,4025,7413419,no
media/archive/images/retained-photo-316-3072x3072.jpg,Unpublished retained photograph or image variant,3072,3072,4355937,no
media/archive/images/retained-photo-317-3072x3072.jpg,Unpublished retained photograph or image variant,3072,3072,3832042,no
media/archive/images/retained-photo-318-3072x3072.jpg,Unpublished retained photograph or image variant,3072,3072,4102117,no
media/archive/images/retained-photo-319-3072x3072.jpg,Unpublished retained photograph or image variant,3072,3072,3953316,no
media/archive/images/retained-photo-320-3072x3077.jpg,Unpublished retained photograph or image variant,3072,3077,2804020,no
media/archive/images/retained-photo-321-3072x3072.jpg,Unpublished retained photograph or image variant,3072,3072,4073201,no
media/archive/images/retained-photo-322-3072x3072.jpg,Unpublished retained photograph or image variant,3072,3072,3568236,no
media/archive/images/retained-photo-323-3072x3072.jpg,Unpublished retained photograph or image variant,3072,3072,3236837,no
media/archive/images/retained-photo-324-3072x2651.jpg,Unpublished retained photograph or image variant,3072,2651,3697447,no
media/archive/images/retained-photo-325-2698x4096.jpg,Unpublished retained photograph or image variant,2698,4096,4405318,no
media/archive/images/retained-photo-326-2589x4096.jpg,Unpublished retained photograph or image variant,2589,4096,4455139,no
media/archive/images/retained-photo-327-2302x4096.jpg,Unpublished retained photograph or image variant,2302,4096,3520431,no
media/archive/images/retained-photo-328-2974x2974.jpg,Unpublished retained photograph or image variant,2974,2974,3113349,no
media/archive/images/retained-photo-329-180x180.jpg,Unpublished retained photograph or image variant,180,180,20725,no
media/archive/images/retained-photo-330-2875x4096.jpg,Unpublished retained photograph or image variant,2875,4096,5769728,no
media/archive/images/retained-photo-331-2885x4096.jpg,Unpublished retained photograph or image variant,2885,4096,4237687,no
media/archive/images/retained-photo-332-2965x2965.jpg,Unpublished retained photograph or image variant,2965,2965,2651140,no
media/archive/images/retained-photo-333-2304x4096.jpg,Unpublished retained photograph or image variant,2304,4096,3859050,no
media/archive/images/retained-photo-334-2304x4096.jpg,Unpublished retained photograph or image variant,2304,4096,3581892,no
media/archive/images/retained-photo-335-2304x4096.jpg,Unpublished retained photograph or image variant,2304,4096,3475315,no
media/archive/images/retained-photo-336-2304x4096.jpg,Unpublished retained photograph or image variant,2304,4096,3985096,no
media/archive/images/retained-photo-337-2304x4096.jpg,Unpublished retained photograph or image variant,2304,4096,4953112,no
media/archive/images/retained-photo-338-2304x4096.jpg,Unpublished retained photograph or image variant,2304,4096,3820417,no
media/archive/images/retained-photo-339-2304x4096.jpg,Unpublished retained photograph or image variant,2304,4096,5362262,no
media/archive/images/retained-photo-340-2304x4096.jpg,Unpublished retained photograph or image variant,2304,4096,4041742,no
media/archive/images/retained-photo-341-2311x4096.jpg,Unpublished retained photograph or image variant,2311,4096,2835039,no
media/archive/images/retained-photo-342-480x270.jpg,Unpublished retained photograph or image variant,480,270,80316,no
media/archive/images/retained-photo-343-320x180.jpg,Unpublished retained photograph or image variant,320,180,51089,no
media/archive/images/retained-photo-344-960x540.jpg,Unpublished retained photograph or image variant,960,540,271905,no
media/archive/images/retained-photo-345-3114x3114.jpg,Unpublished retained photograph or image variant,3114,3114,3307287,no
media/archive/images/retained-photo-346-2744x4096.jpg,Unpublished retained photograph or image variant,2744,4096,4187650,no
media/archive/images/retained-photo-347-1074x480.jpg,Unpublished retained photograph or image variant,1074,480,111271,no
media/archive/images/retained-photo-348-1074x480.jpg,Unpublished retained photograph or image variant,1074,480,277542,no
media/archive/images/retained-photo-349-1074x480.jpg,Unpublished retained photograph or image variant,1074,480,162376,no
media/archive/images/retained-photo-350-1074x480.png,Unpublished retained photograph or image variant,1074,480,923620,no
media/archive/images/retained-photo-351-2368x4096.jpg,Unpublished retained photograph or image variant,2368,4096,2928641,no
media/images/branding/pavel-kayler-logo.png,Site logo,418,70,12278,yes
media/images/brands/brands-photo-001-1280x1280.jpg,brands: photograph 1,1280,1280,992261,yes
media/images/brands/brands-photo-001-1920x1920.jpg,brands: photograph 1,1920,1920,1904000,yes
media/images/brands/brands-photo-001-2560x2560.jpg,"brands: photograph 1, viewer",2560,2560,2901496,yes
media/images/brands/brands-photo-001-640x640.jpg,brands: photograph 1,640,640,324069,yes
media/images/brands/brands-photo-002-1280x2269.jpg,brands: photograph 2,1280,2269,1353188,yes
media/images/brands/brands-photo-002-1920x3403.jpg,"brands: photograph 2; brands: photograph 2, viewer",1920,3403,2589745,yes
media/images/brands/brands-photo-002-640x1134.jpg,brands: photograph 2,640,1134,367456,yes
media/images/brands/brands-photo-003-1280x1280.jpg,brands: photograph 3,1280,1280,871938,yes
media/images/brands/brands-photo-003-1920x1920.jpg,brands: photograph 3,1920,1920,1751522,yes
media/images/brands/brands-photo-003-2560x2560.jpg,"brands: photograph 3, viewer",2560,2560,2723387,yes
media/images/brands/brands-photo-003-640x640.jpg,brands: photograph 3,640,640,262506,yes
media/images/brands/brands-photo-004-1280x1280.jpg,brands: photograph 4,1280,1280,1057314,yes
media/images/brands/brands-photo-004-1920x1920.jpg,brands: photograph 4,1920,1920,2037365,yes
media/images/brands/brands-photo-004-2560x2560.jpg,"brands: photograph 4, viewer",2560,2560,3126822,yes
media/images/brands/brands-photo-004-640x640.jpg,brands: photograph 4,640,640,335903,yes
media/images/brands/brands-photo-005-1280x1280.jpg,brands: photograph 5,1280,1280,727295,yes
media/images/brands/brands-photo-005-1920x1920.jpg,brands: photograph 5,1920,1920,1543919,yes
media/images/brands/brands-photo-005-2560x2560.jpg,"brands: photograph 5, viewer",2560,2560,2446763,yes
media/images/brands/brands-photo-005-640x640.jpg,brands: photograph 5,640,640,176587,yes
media/images/brands/brands-photo-006-1280x1280.jpg,brands: photograph 6,1280,1280,821578,yes
media/images/brands/brands-photo-006-1920x1920.jpg,brands: photograph 6,1920,1920,1642863,yes
media/images/brands/brands-photo-006-2560x2560.jpg,"brands: photograph 6, viewer",2560,2560,2537343,yes
media/images/brands/brands-photo-006-640x640.jpg,brands: photograph 6,640,640,239714,yes
media/images/brands/brands-photo-007-1280x923.jpg,brands: photograph 7,1280,923,489366,yes
media/images/brands/brands-photo-007-1920x1384.jpg,brands: photograph 7,1920,1384,1160568,yes
media/images/brands/brands-photo-007-3072x2215.jpg,"brands: photograph 7, viewer",3072,2215,3206265,yes
media/images/brands/brands-photo-007-640x461.jpg,brands: photograph 7,640,461,135283,yes
media/images/brands/brands-photo-008-1280x951.jpg,brands: photograph 8,1280,951,704870,yes
media/images/brands/brands-photo-008-1920x1426.jpg,brands: photograph 8,1920,1426,1682029,yes
media/images/brands/brands-photo-008-3072x2282.jpg,"brands: photograph 8, viewer",3072,2282,4567408,yes
media/images/brands/brands-photo-008-640x475.jpg,brands: photograph 8,640,475,182167,yes
media/images/brands/brands-photo-009-1280x743.jpg,brands: photograph 9,1280,743,311810,yes
media/images/brands/brands-photo-009-1920x1114.jpg,brands: photograph 9,1920,1114,794040,yes
media/images/brands/brands-photo-009-3072x1783.jpg,"brands: photograph 9, viewer",3072,1783,2377216,yes
media/images/brands/brands-photo-009-640x371.jpg,brands: photograph 9,640,371,92423,yes
media/images/brands/brands-photo-010-1280x1943.jpg,brands: photograph 10,1280,1943,1052428,yes
media/images/brands/brands-photo-010-1920x2915.jpg,"brands: photograph 10; brands: photograph 10, viewer",1920,2915,2642842,yes
media/images/brands/brands-photo-010-640x972.jpg,brands: photograph 10,640,972,228661,yes
media/images/brands/brands-photo-011-1280x543.jpg,brands: photograph 11,1280,543,217839,yes
media/images/brands/brands-photo-011-1920x815.jpg,brands: photograph 11,1920,815,466509,yes
media/images/brands/brands-photo-011-4096x1739.jpg,"brands: photograph 11, viewer",4096,1739,1696398,yes
media/images/brands/brands-photo-011-640x272.jpg,brands: photograph 11,640,272,88663,yes
media/images/brands/brands-photo-012-1280x906.jpg,brands: photograph 12,1280,906,527396,yes
media/images/brands/brands-photo-012-1920x1358.jpg,brands: photograph 12,1920,1358,1229394,yes
media/images/brands/brands-photo-012-3072x2174.jpg,"brands: photograph 12, viewer",3072,2174,3385777,yes
media/images/brands/brands-photo-012-640x453.jpg,brands: photograph 12,640,453,152159,yes
media/images/brands/brands-photo-013-1280x1012.jpg,brands: photograph 13,1280,1012,551090,yes
media/images/brands/brands-photo-013-1920x1518.jpg,brands: photograph 13,1920,1518,1341496,yes
media/images/brands/brands-photo-013-3072x2429.jpg,"brands: photograph 13, viewer",3072,2429,3795084,yes
media/images/brands/brands-photo-013-640x506.jpg,brands: photograph 13,640,506,147587,yes
media/images/contacts/photographer-portrait-1280x1281.jpg,Contacts portrait,1280,1281,1090146,yes
media/images/contacts/photographer-portrait-1920x1921.jpg,Contacts portrait,1920,1921,2078105,yes
media/images/contacts/photographer-portrait-640x641.jpg,Contacts portrait,640,641,309834,yes
media/images/home/hero-slide-01-1280x720.png,Home hero slide 1,1280,720,1656920,yes
media/images/home/hero-slide-01-1920x1080.png,Home hero slide 1,1920,1080,3802179,yes
media/images/home/hero-slide-01-640x360.png,Home hero slide 1,640,360,414179,yes
media/images/home/hero-slide-02-1280x851.jpg,Home hero slide 2,1280,851,701103,yes
media/images/home/hero-slide-02-1920x1276.jpg,Home hero slide 2,1920,1276,1454353,yes
media/images/home/hero-slide-02-2560x1701.jpg,Home hero slide 2,2560,1701,2298655,yes
media/images/home/hero-slide-02-640x425.jpg,Home hero slide 2,640,425,175997,yes
media/images/home/hero-slide-03-1280x851.jpg,Home hero slide 3,1280,851,544400,yes
media/images/home/hero-slide-03-1920x1276.jpg,Home hero slide 3,1920,1276,1221631,yes
media/images/home/hero-slide-03-2560x1701.jpg,Home hero slide 3,2560,1701,2175258,yes
media/images/home/hero-slide-03-640x425.jpg,Home hero slide 3,640,425,140721,yes
media/images/home/hero-slide-04-1280x875.jpg,Home hero slide 4,1280,875,430280,yes
media/images/home/hero-slide-04-1920x1312.jpg,Home hero slide 4,1920,1312,941460,yes
media/images/home/hero-slide-04-2560x1749.jpg,Home hero slide 4,2560,1749,1674881,yes
media/images/home/hero-slide-04-640x437.jpg,Home hero slide 4,640,437,136247,yes
media/images/home/hero-slide-05-1280x1280.jpg,Home hero slide 5,1280,1280,1195044,yes
media/images/home/hero-slide-05-1920x1920.jpg,Home hero slide 5,1920,1920,2691529,yes
media/images/home/hero-slide-05-2560x2560.jpg,Home hero slide 5,2560,2560,4785487,yes
media/images/home/hero-slide-05-640x640.jpg,Home hero slide 5,640,640,294479,yes
media/images/home/home-photo-01-1280x1919.jpg,Home photograph 1,1280,1919,1521771,yes
media/images/home/home-photo-01-1920x2879.jpg,Home photograph 1,1920,2879,3304755,yes
media/images/home/home-photo-01-2174x3259.jpg,Home photograph 1,2174,3259,4024247,yes
media/images/home/home-photo-01-640x960.jpg,Home photograph 1,640,960,369130,yes
media/images/home/home-photo-02-1280x1920.jpg,Home photograph 2,1280,1920,1163397,yes
media/images/home/home-photo-02-1920x2880.jpg,Home photograph 2,1920,2880,2320478,yes
media/images/home/home-photo-02-2368x3552.jpg,Home photograph 2,2368,3552,2617917,yes
media/images/home/home-photo-02-640x960.jpg,Home photograph 2,640,960,316845,yes
media/images/home/home-photo-03-1280x481.jpg,Home photograph 3,1280,481,433421,yes
media/images/home/home-photo-03-1920x721.jpg,Home photograph 3,1920,721,879877,yes
media/images/home/home-photo-03-2560x961.jpg,Home photograph 3,2560,961,1375065,yes
media/images/home/home-photo-03-640x240.jpg,Home photograph 3,640,240,119210,yes
media/images/home/home-photo-04-1280x1920.jpg,Home photograph 4,1280,1920,1243095,yes
media/images/home/home-photo-04-1920x2880.jpg,Home photograph 4,1920,2880,2547646,yes
media/images/home/home-photo-04-2208x3312.jpg,Home photograph 4,2208,3312,3116950,yes
media/images/home/home-photo-04-640x960.jpg,Home photograph 4,640,960,311076,yes
media/images/home/home-photo-05-1280x1920.jpg,Home photograph 5,1280,1920,1207588,yes
media/images/home/home-photo-05-1920x2879.jpg,Home photograph 5,1920,2879,2907616,yes
media/images/home/home-photo-05-2560x3839.jpg,Home photograph 5,2560,3839,5064336,yes
media/images/home/home-photo-05-640x960.jpg,Home photograph 5,640,960,287977,yes
media/images/home/home-photo-06-1280x720.jpg,Home photograph 6,1280,720,494438,yes
media/images/home/home-photo-06-1920x1079.jpg,Home photograph 6,1920,1079,1176873,yes
media/images/home/home-photo-06-2422x1362.jpg,Home photograph 6,2422,1362,1994294,yes
media/images/home/home-photo-06-640x360.jpg,Home photograph 6,640,360,126766,yes
media/images/home/home-photo-07-1280x1920.jpg,Home photograph 7,1280,1920,1368227,yes
media/images/home/home-photo-07-1920x2880.jpg,Home photograph 7,1920,2880,2612904,yes
media/images/home/home-photo-07-2560x3840.jpg,Home photograph 7,2560,3840,4017992,yes
media/images/home/home-photo-07-640x960.jpg,Home photograph 7,640,960,373211,yes
media/images/home/home-photo-08-1280x1920.jpg,Home photograph 8,1280,1920,1358503,yes
media/images/home/home-photo-08-1706x2559.jpg,Home photograph 8,1706,2559,2301305,yes
media/images/home/home-photo-08-640x960.jpg,Home photograph 8,640,960,352079,yes
media/images/navigation/brands-category-card-1280x1920.jpg,Home category navigation; Navigation card: brands; portraits: related category navigation; projects: related category navigation,1280,1920,1055296,yes
media/images/navigation/brands-category-card-1920x2880.jpg,Home category navigation; Navigation card: brands; portraits: related category navigation; projects: related category navigation,1920,2880,1993188,yes
media/images/navigation/brands-category-card-640x960.jpg,Home category navigation; Navigation card: brands; portraits: related category navigation; projects: related category navigation,640,960,289387,yes
media/images/navigation/portraits-category-card-1280x1920.jpg,Home category navigation; Navigation card: portraits; brands: related category navigation; projects: related category navigation,1280,1920,778100,yes
media/images/navigation/portraits-category-card-1920x2880.jpg,Home category navigation; Navigation card: portraits; brands: related category navigation; projects: related category navigation,1920,2880,1753249,yes
media/images/navigation/portraits-category-card-640x960.jpg,Home category navigation; Navigation card: portraits; brands: related category navigation; projects: related category navigation,640,960,169166,yes
media/images/navigation/projects-category-card-1280x1920.jpg,Home category navigation; Navigation card: projects; brands: related category navigation; portraits: related category navigation,1280,1920,893176,yes
media/images/navigation/projects-category-card-1920x2880.jpg,Home category navigation; Navigation card: projects; brands: related category navigation; portraits: related category navigation,1920,2880,1639560,yes
media/images/navigation/projects-category-card-640x960.jpg,Home category navigation; Navigation card: projects; brands: related category navigation; portraits: related category navigation,640,960,255229,yes
media/images/portraits/portraits-cover-poster-464x848.jpg,portraits: video poster,464,848,41259,yes
media/images/portraits/portraits-photo-001-1280x1824.jpg,portraits: photograph 1,1280,1824,1231720,yes
media/images/portraits/portraits-photo-001-1920x2735.jpg,"portraits: photograph 1; portraits: photograph 1, viewer",1920,2735,3009257,yes
media/images/portraits/portraits-photo-001-640x912.jpg,portraits: photograph 1,640,912,273558,yes
media/images/portraits/portraits-photo-002-1280x2276.jpg,portraits: photograph 2,1280,2276,1693470,yes
media/images/portraits/portraits-photo-002-1920x3413.jpg,"portraits: photograph 2; portraits: photograph 2, viewer",1920,3413,3962757,yes
media/images/portraits/portraits-photo-002-640x1138.jpg,portraits: photograph 2,640,1138,369552,yes
media/images/portraits/portraits-photo-003-1280x838.jpg,portraits: photograph 3,1280,838,528872,yes
media/images/portraits/portraits-photo-003-1920x1257.jpg,portraits: photograph 3,1920,1257,1267867,yes
media/images/portraits/portraits-photo-003-3072x2012.jpg,"portraits: photograph 3, viewer",3072,2012,3462237,yes
media/images/portraits/portraits-photo-003-640x419.jpg,portraits: photograph 3,640,419,125909,yes
media/images/portraits/portraits-photo-004-1280x2524.jpg,portraits: photograph 4,1280,2524,2052058,yes
media/images/portraits/portraits-photo-004-1920x3786.jpg,"portraits: photograph 4; portraits: photograph 4, viewer",1920,3786,4535221,yes
media/images/portraits/portraits-photo-004-640x1262.jpg,portraits: photograph 4,640,1262,494806,yes
media/images/portraits/portraits-photo-005-1280x2802.jpg,portraits: photograph 5,1280,2802,1872016,yes
media/images/portraits/portraits-photo-005-1871x4096-variant-2.jpg,"portraits: photograph 5, viewer",1871,4096,3217633,yes
media/images/portraits/portraits-photo-005-1871x4096.jpg,portraits: photograph 5,1871,4096,3217633,yes
media/images/portraits/portraits-photo-005-640x1401.jpg,portraits: photograph 5,640,1401,414168,yes
media/images/portraits/portraits-photo-006-1280x2041.jpg,portraits: photograph 6,1280,2041,819215,yes
media/images/portraits/portraits-photo-006-1920x3061.jpg,"portraits: photograph 6; portraits: photograph 6, viewer",1920,3061,1844728,yes
media/images/portraits/portraits-photo-006-640x1020.jpg,portraits: photograph 6,640,1020,176766,yes
media/images/portraits/portraits-photo-007-1280x1911.jpg,portraits: photograph 7,1280,1911,1140703,yes
media/images/portraits/portraits-photo-007-1920x2866.jpg,"portraits: photograph 7; portraits: photograph 7, viewer",1920,2866,2679483,yes
media/images/portraits/portraits-photo-007-640x955.jpg,portraits: photograph 7,640,955,276732,yes
media/images/portraits/portraits-photo-008-1280x2214.jpg,portraits: photograph 8,1280,2214,1296101,yes
media/images/portraits/portraits-photo-008-1920x3321.jpg,"portraits: photograph 8; portraits: photograph 8, viewer",1920,3321,2599600,yes
media/images/portraits/portraits-photo-008-640x1107.jpg,portraits: photograph 8,640,1107,344690,yes
media/images/portraits/portraits-photo-009-1280x2321.jpg,portraits: photograph 9,1280,2321,1585565,yes
media/images/portraits/portraits-photo-009-1920x3481.jpg,"portraits: photograph 9; portraits: photograph 9, viewer",1920,3481,3603747,yes
media/images/portraits/portraits-photo-009-640x1160.jpg,portraits: photograph 9,640,1160,370806,yes
media/images/portraits/portraits-photo-010-1280x2334.jpg,portraits: photograph 10,1280,2334,1083203,yes
media/images/portraits/portraits-photo-010-1920x3501.jpg,"portraits: photograph 10; portraits: photograph 10, viewer",1920,3501,2141811,yes
media/images/portraits/portraits-photo-010-640x1167.jpg,portraits: photograph 10,640,1167,273671,yes
media/images/portraits/portraits-photo-011-1280x1967.jpg,portraits: photograph 11,1280,1967,1234854,yes
media/images/portraits/portraits-photo-011-1920x2950.jpg,"portraits: photograph 11; portraits: photograph 11, viewer",1920,2950,2973829,yes
media/images/portraits/portraits-photo-011-640x983.jpg,portraits: photograph 11,640,983,293256,yes
media/images/portraits/portraits-photo-012-1280x2278.jpg,portraits: photograph 12,1280,2278,1235050,yes
media/images/portraits/portraits-photo-012-1920x3416.jpg,"portraits: photograph 12; portraits: photograph 12, viewer",1920,3416,2965912,yes
media/images/portraits/portraits-photo-012-640x1139.jpg,portraits: photograph 12,640,1139,265518,yes
media/images/portraits/portraits-photo-013-1280x886.jpg,portraits: photograph 13,1280,886,685018,yes
media/images/portraits/portraits-photo-013-1920x1329.jpg,portraits: photograph 13,1920,1329,1426699,yes
media/images/portraits/portraits-photo-013-3072x2127.jpg,"portraits: photograph 13, viewer",3072,2127,2979025,yes
media/images/portraits/portraits-photo-013-640x443.jpg,portraits: photograph 13,640,443,168605,yes
media/images/portraits/portraits-photo-014-1280x2275.jpg,portraits: photograph 14,1280,2275,1605101,yes
media/images/portraits/portraits-photo-014-1920x3413.jpg,"portraits: photograph 14; portraits: photograph 14, viewer",1920,3413,3092050,yes
media/images/portraits/portraits-photo-014-640x1138.jpg,portraits: photograph 14,640,1138,415209,yes
media/images/portraits/portraits-photo-015-1280x1677.jpg,portraits: photograph 15,1280,1677,1243981,yes
media/images/portraits/portraits-photo-015-1920x2516.jpg,"portraits: photograph 15; portraits: photograph 15, viewer",1920,2516,2978881,yes
media/images/portraits/portraits-photo-015-640x839.jpg,portraits: photograph 15,640,839,299075,yes
media/images/portraits/portraits-photo-016-1280x1817.jpg,portraits: photograph 16,1280,1817,1204451,yes
media/images/portraits/portraits-photo-016-1920x2726.jpg,"portraits: photograph 16; portraits: photograph 16, viewer",1920,2726,2690112,yes
media/images/portraits/portraits-photo-016-640x909.jpg,portraits: photograph 16,640,909,302333,yes
media/images/portraits/portraits-photo-017-1280x1280.jpg,portraits: photograph 17,1280,1280,823371,yes
media/images/portraits/portraits-photo-017-1920x1920.jpg,portraits: photograph 17,1920,1920,1908466,yes
media/images/portraits/portraits-photo-017-2560x2560.jpg,"portraits: photograph 17, viewer",2560,2560,3258849,yes
media/images/portraits/portraits-photo-017-640x640.jpg,portraits: photograph 17,640,640,223862,yes
media/images/portraits/portraits-photo-018-1280x851.jpg,portraits: photograph 18,1280,851,398095,yes
media/images/portraits/portraits-photo-018-1920x1276.jpg,portraits: photograph 18,1920,1276,903073,yes
media/images/portraits/portraits-photo-018-3072x2042.jpg,"portraits: photograph 18, viewer",3072,2042,2126661,yes
media/images/portraits/portraits-photo-018-640x425.jpg,portraits: photograph 18,640,425,94567,yes
media/images/portraits/portraits-photo-019-1280x2276.jpg,portraits: photograph 19,1280,2276,1514055,yes
media/images/portraits/portraits-photo-019-1920x3413.jpg,"portraits: photograph 19; portraits: photograph 19, viewer",1920,3413,3161591,yes
media/images/portraits/portraits-photo-019-640x1138.jpg,portraits: photograph 19,640,1138,393697,yes
media/images/portraits/portraits-photo-020-1280x686.jpg,portraits: photograph 20,1280,686,553384,yes
media/images/portraits/portraits-photo-020-1920x1029.jpg,portraits: photograph 20,1920,1029,1136035,yes
media/images/portraits/portraits-photo-020-3072x1647.jpg,"portraits: photograph 20, viewer",3072,1647,2347483,yes
media/images/portraits/portraits-photo-020-640x343.jpg,portraits: photograph 20,640,343,145505,yes
media/images/portraits/portraits-photo-021-1280x1280.jpg,portraits: photograph 21,1280,1280,674030,yes
media/images/portraits/portraits-photo-021-1920x1920.jpg,portraits: photograph 21,1920,1920,1666027,yes
media/images/portraits/portraits-photo-021-2560x2560.jpg,"portraits: photograph 21, viewer",2560,2560,2869799,yes
media/images/portraits/portraits-photo-021-640x640.jpg,portraits: photograph 21,640,640,152785,yes
media/images/portraits/portraits-photo-022-1280x1280.jpg,portraits: photograph 22,1280,1280,824627,yes
media/images/portraits/portraits-photo-022-1920x1920.jpg,portraits: photograph 22,1920,1920,1818461,yes
media/images/portraits/portraits-photo-022-2560x2560.jpg,"portraits: photograph 22, viewer",2560,2560,2911973,yes
media/images/portraits/portraits-photo-022-640x640.jpg,portraits: photograph 22,640,640,223354,yes
media/images/portraits/portraits-photo-023-1280x800.jpg,portraits: photograph 23,1280,800,768689,yes
media/images/portraits/portraits-photo-023-1920x1200.jpg,portraits: photograph 23,1920,1200,1615366,yes
media/images/portraits/portraits-photo-023-3072x1920.jpg,"portraits: photograph 23, viewer",3072,1920,3460828,yes
media/images/portraits/portraits-photo-023-640x400.jpg,portraits: photograph 23,640,400,193251,yes
media/images/portraits/portraits-photo-024-1280x888.jpg,portraits: photograph 24,1280,888,633105,yes
media/images/portraits/portraits-photo-024-1920x1332.jpg,portraits: photograph 24,1920,1332,1300428,yes
media/images/portraits/portraits-photo-024-3072x2132.jpg,"portraits: photograph 24, viewer",3072,2132,2726423,yes
media/images/portraits/portraits-photo-024-640x444.jpg,portraits: photograph 24,640,444,171423,yes
media/images/portraits/portraits-photo-025-1280x1280.jpg,portraits: photograph 25,1280,1280,920351,yes
media/images/portraits/portraits-photo-025-1920x1920.jpg,portraits: photograph 25,1920,1920,1979900,yes
media/images/portraits/portraits-photo-025-2560x2560.jpg,"portraits: photograph 25, viewer",2560,2560,3130038,yes
media/images/portraits/portraits-photo-025-640x640.jpg,portraits: photograph 25,640,640,248365,yes
media/images/portraits/portraits-photo-026-1280x1280.jpg,portraits: photograph 26,1280,1280,880514,yes
media/images/portraits/portraits-photo-026-1920x1920.jpg,portraits: photograph 26,1920,1920,1960809,yes
media/images/portraits/portraits-photo-026-2560x2560.jpg,"portraits: photograph 26, viewer",2560,2560,3253400,yes
media/images/portraits/portraits-photo-026-640x640.jpg,portraits: photograph 26,640,640,262397,yes
media/images/portraits/portraits-photo-027-1280x720.jpg,portraits: photograph 27,1280,720,663707,yes
media/images/portraits/portraits-photo-027-1920x1080.jpg,portraits: photograph 27,1920,1080,1392648,yes
media/images/portraits/portraits-photo-027-3072x1728.jpg,"portraits: photograph 27, viewer",3072,1728,3043373,yes
media/images/portraits/portraits-photo-027-640x360.jpg,portraits: photograph 27,640,360,174045,yes
media/images/portraits/portraits-photo-028-1280x1280.jpg,portraits: photograph 28,1280,1280,1003083,yes
media/images/portraits/portraits-photo-028-1920x1920.jpg,portraits: photograph 28,1920,1920,2113946,yes
media/images/portraits/portraits-photo-028-2560x2560.jpg,"portraits: photograph 28, viewer",2560,2560,3327048,yes
media/images/portraits/portraits-photo-028-640x640.jpg,portraits: photograph 28,640,640,285631,yes
media/images/portraits/portraits-photo-029-1280x2276.jpg,portraits: photograph 29,1280,2276,1891706,yes
media/images/portraits/portraits-photo-029-1920x3413.jpg,"portraits: photograph 29; portraits: photograph 29, viewer",1920,3413,4324662,yes
media/images/portraits/portraits-photo-029-640x1138.jpg,portraits: photograph 29,640,1138,427859,yes
media/images/portraits/portraits-photo-030-1280x2276.jpg,portraits: photograph 30,1280,2276,1663111,yes
media/images/portraits/portraits-photo-030-1920x3413.jpg,"portraits: photograph 30; portraits: photograph 30, viewer",1920,3413,3561963,yes
media/images/portraits/portraits-photo-030-640x1138.jpg,portraits: photograph 30,640,1138,425751,yes
media/images/portraits/portraits-photo-031-1280x827.jpg,portraits: photograph 31,1280,827,667075,yes
media/images/portraits/portraits-photo-031-1920x1240.jpg,portraits: photograph 31,1920,1240,1530133,yes
media/images/portraits/portraits-photo-031-3072x1984.jpg,"portraits: photograph 31, viewer",3072,1984,4085828,yes
media/images/portraits/portraits-photo-031-640x413.jpg,portraits: photograph 31,640,413,183640,yes
media/images/portraits/portraits-photo-032-1280x853.jpg,portraits: photograph 32,1280,853,200679,yes
media/images/portraits/portraits-photo-032-1920x1280.jpg,portraits: photograph 32,1920,1280,443717,yes
media/images/portraits/portraits-photo-032-3072x2048.jpg,"portraits: photograph 32, viewer",3072,2048,1322784,yes
media/images/portraits/portraits-photo-032-640x427.jpg,portraits: photograph 32,640,427,75935,yes
media/images/portraits/portraits-photo-033-1280x1926.jpg,portraits: photograph 33,1280,1926,1216126,yes
media/images/portraits/portraits-photo-033-1920x2890.jpg,"portraits: photograph 33; portraits: photograph 33, viewer",1920,2890,2777519,yes
media/images/portraits/portraits-photo-033-640x963.jpg,portraits: photograph 33,640,963,313116,yes
media/images/portraits/portraits-photo-034-1280x1280.jpg,portraits: photograph 34,1280,1280,412831,yes
media/images/portraits/portraits-photo-034-1920x1920.jpg,portraits: photograph 34,1920,1920,927505,yes
media/images/portraits/portraits-photo-034-2560x2560.jpg,"portraits: photograph 34, viewer",2560,2560,1652256,yes
media/images/portraits/portraits-photo-034-640x640.jpg,portraits: photograph 34,640,640,118434,yes
media/images/portraits/portraits-photo-035-1280x1029.jpg,portraits: photograph 35,1280,1029,914794,yes
media/images/portraits/portraits-photo-035-1920x1544.jpg,portraits: photograph 35,1920,1544,1775648,yes
media/images/portraits/portraits-photo-035-3072x2470.jpg,"portraits: photograph 35, viewer",3072,2470,3542571,yes
media/images/portraits/portraits-photo-035-640x515.jpg,portraits: photograph 35,640,515,256642,yes
media/images/portraits/portraits-photo-036-1280x1280.jpg,portraits: photograph 36,1280,1280,874710,yes
media/images/portraits/portraits-photo-036-1920x1920.jpg,portraits: photograph 36,1920,1920,1830720,yes
media/images/portraits/portraits-photo-036-2815x2815.jpg,"portraits: photograph 36, viewer",2815,2815,2710922,yes
media/images/portraits/portraits-photo-036-640x640.jpg,portraits: photograph 36,640,640,241081,yes
media/images/portraits/portraits-photo-037-1280x681.jpg,portraits: photograph 37,1280,681,463148,yes
media/images/portraits/portraits-photo-037-1920x1021.jpg,portraits: photograph 37,1920,1021,1106181,yes
media/images/portraits/portraits-photo-037-3072x1634.jpg,"portraits: photograph 37, viewer",3072,1634,3078794,yes
media/images/portraits/portraits-photo-037-640x340.jpg,portraits: photograph 37,640,340,120351,yes
media/images/portraits/portraits-photo-038-1280x2276.jpg,portraits: photograph 38,1280,2276,1671496,yes
media/images/portraits/portraits-photo-038-1920x3413.jpg,"portraits: photograph 38; portraits: photograph 38, viewer",1920,3413,3506339,yes
media/images/portraits/portraits-photo-038-640x1138.jpg,portraits: photograph 38,640,1138,471514,yes
media/images/portraits/portraits-photo-039-1280x720.jpg,portraits: photograph 39,1280,720,717720,yes
media/images/portraits/portraits-photo-039-1920x1080.jpg,portraits: photograph 39,1920,1080,1525627,yes
media/images/portraits/portraits-photo-039-3072x1728.jpg,"portraits: photograph 39, viewer",3072,1728,3388293,yes
media/images/portraits/portraits-photo-039-640x360.jpg,portraits: photograph 39,640,360,192714,yes
media/images/portraits/portraits-photo-040-1280x2276.jpg,portraits: photograph 40,1280,2276,1570039,yes
media/images/portraits/portraits-photo-040-1920x3413.jpg,"portraits: photograph 40; portraits: photograph 40, viewer",1920,3413,3413688,yes
media/images/portraits/portraits-photo-040-640x1138.jpg,portraits: photograph 40,640,1138,387539,yes
media/images/portraits/portraits-photo-041-1280x2276.jpg,portraits: photograph 41,1280,2276,1284295,yes
media/images/portraits/portraits-photo-041-1920x3413.jpg,"portraits: photograph 41; portraits: photograph 41, viewer",1920,3413,2972618,yes
media/images/portraits/portraits-photo-041-640x1138.jpg,portraits: photograph 41,640,1138,278229,yes
media/images/portraits/portraits-photo-042-1280x720.jpg,portraits: photograph 42,1280,720,519814,yes
media/images/portraits/portraits-photo-042-1920x1080.jpg,portraits: photograph 42,1920,1080,1140962,yes
media/images/portraits/portraits-photo-042-3072x1728.jpg,"portraits: photograph 42, viewer",3072,1728,2788679,yes
media/images/portraits/portraits-photo-042-640x360.jpg,portraits: photograph 42,640,360,160119,yes
media/images/portraits/portraits-photo-043-1280x548.jpg,portraits: photograph 43,1280,548,339926,yes
media/images/portraits/portraits-photo-043-1920x823.jpg,portraits: photograph 43,1920,823,830409,yes
media/images/portraits/portraits-photo-043-4096x1755.jpg,"portraits: photograph 43, viewer",4096,1755,3203397,yes
media/images/portraits/portraits-photo-043-640x274.jpg,portraits: photograph 43,640,274,99693,yes
media/images/portraits/portraits-photo-044-1280x2276.jpg,portraits: photograph 44,1280,2276,1630717,yes
media/images/portraits/portraits-photo-044-1920x3413.jpg,"portraits: photograph 44; portraits: photograph 44, viewer",1920,3413,3415274,yes
media/images/portraits/portraits-photo-044-640x1138.jpg,portraits: photograph 44,640,1138,412263,yes
media/images/portraits/portraits-photo-045-1280x949.jpg,portraits: photograph 45,1280,949,904801,yes
media/images/portraits/portraits-photo-045-1920x1424.jpg,portraits: photograph 45,1920,1424,1975143,yes
media/images/portraits/portraits-photo-045-3072x2279.jpg,"portraits: photograph 45, viewer",3072,2279,5016682,yes
media/images/portraits/portraits-photo-045-640x475.jpg,portraits: photograph 45,640,475,253512,yes
media/images/portraits/portraits-photo-046-1280x2025.jpg,portraits: photograph 46,1280,2025,1394508,yes
media/images/portraits/portraits-photo-046-1920x3038.jpg,"portraits: photograph 46; portraits: photograph 46, viewer",1920,3038,3101056,yes
media/images/portraits/portraits-photo-046-640x1013.jpg,portraits: photograph 46,640,1013,342574,yes
media/images/portraits/portraits-photo-047-1280x2235.jpg,portraits: photograph 47,1280,2235,1835104,yes
media/images/portraits/portraits-photo-047-1920x3352.jpg,"portraits: photograph 47; portraits: photograph 47, viewer",1920,3352,4179361,yes
media/images/portraits/portraits-photo-047-640x1117.jpg,portraits: photograph 47,640,1117,442026,yes
media/images/portraits/portraits-photo-048-1280x1280.jpg,portraits: photograph 48,1280,1280,897355,yes
media/images/portraits/portraits-photo-048-1920x1920.jpg,portraits: photograph 48,1920,1920,1947324,yes
media/images/portraits/portraits-photo-048-2560x2560.jpg,"portraits: photograph 48, viewer",2560,2560,3101873,yes
media/images/portraits/portraits-photo-048-640x640.jpg,portraits: photograph 48,640,640,245643,yes
media/images/portraits/portraits-photo-049-1280x1280.jpg,portraits: photograph 49,1280,1280,765628,yes
media/images/portraits/portraits-photo-049-1920x1920.jpg,portraits: photograph 49,1920,1920,1763256,yes
media/images/portraits/portraits-photo-049-2560x2560.jpg,"portraits: photograph 49, viewer",2560,2560,2942645,yes
media/images/portraits/portraits-photo-049-640x640.jpg,portraits: photograph 49,640,640,211285,yes
media/images/projects/projects-cover-poster-1920x1080.jpg,projects: video poster,1920,1080,78771,yes
media/images/projects/projects-photo-001-1280x1856.jpg,projects: photograph 1,1280,1856,1386651,yes
media/images/projects/projects-photo-001-1920x2784.jpg,"projects: photograph 1; projects: photograph 1, viewer",1920,2784,2716944,yes
media/images/projects/projects-photo-001-640x928.jpg,projects: photograph 1,640,928,356354,yes
media/images/projects/projects-photo-002-1280x1280.jpg,projects: photograph 2,1280,1280,558011,yes
media/images/projects/projects-photo-002-1920x1920.jpg,projects: photograph 2,1920,1920,1208666,yes
media/images/projects/projects-photo-002-2560x2560.jpg,"projects: photograph 2, viewer",2560,2560,1960679,yes
media/images/projects/projects-photo-002-640x640.jpg,projects: photograph 2,640,640,130233,yes
media/images/projects/projects-photo-003-1280x2016.jpg,projects: photograph 3,1280,2016,2062996,yes
media/images/projects/projects-photo-003-1920x3025.jpg,"projects: photograph 3; projects: photograph 3, viewer",1920,3025,4371054,yes
media/images/projects/projects-photo-003-640x1008.jpg,projects: photograph 3,640,1008,410692,yes
media/images/projects/projects-photo-004-1280x1044.jpg,projects: photograph 4,1280,1044,243888,yes
media/images/projects/projects-photo-004-1920x1566.jpg,projects: photograph 4,1920,1566,477776,yes
media/images/projects/projects-photo-004-3072x2506.jpg,"projects: photograph 4, viewer",3072,2506,1047149,yes
media/images/projects/projects-photo-004-640x522.jpg,projects: photograph 4,640,522,77301,yes
media/images/projects/projects-photo-005-1280x1104.jpg,projects: photograph 5,1280,1104,877973,yes
media/images/projects/projects-photo-005-1920x1657.jpg,projects: photograph 5,1920,1657,1744661,yes
media/images/projects/projects-photo-005-2560x2209.jpg,"projects: photograph 5, viewer",2560,2209,2778125,yes
media/images/projects/projects-photo-005-640x552.jpg,projects: photograph 5,640,552,212124,yes
media/images/projects/projects-photo-006-1280x1282.jpg,projects: photograph 6,1280,1282,612477,yes
media/images/projects/projects-photo-006-1920x1923.jpg,projects: photograph 6,1920,1923,1292260,yes
media/images/projects/projects-photo-006-2560x2564.jpg,"projects: photograph 6, viewer",2560,2564,2092044,yes
media/images/projects/projects-photo-006-640x641.jpg,projects: photograph 6,640,641,149787,yes
media/images/projects/projects-photo-007-1280x594.jpg,projects: photograph 7,1280,594,330093,yes
media/images/projects/projects-photo-007-1920x892.jpg,projects: photograph 7,1920,892,702198,yes
media/images/projects/projects-photo-007-3840x1783.jpg,"projects: photograph 7, viewer",3840,1783,1733483,yes
media/images/projects/projects-photo-007-640x297.jpg,projects: photograph 7,640,297,82157,yes
media/images/projects/projects-photo-008-1280x850.jpg,projects: photograph 8,1280,850,380326,yes
media/images/projects/projects-photo-008-1920x1275.jpg,projects: photograph 8,1920,1275,844389,yes
media/images/projects/projects-photo-008-3072x2040.jpg,"projects: photograph 8, viewer",3072,2040,2033823,yes
media/images/projects/projects-photo-008-640x425.jpg,projects: photograph 8,640,425,96144,yes
media/images/projects/projects-photo-009-1280x1032.jpg,projects: photograph 9,1280,1032,1015341,yes
media/images/projects/projects-photo-009-1920x1548.jpg,projects: photograph 9,1920,1548,1922366,yes
media/images/projects/projects-photo-009-3072x2477.jpg,"projects: photograph 9, viewer",3072,2477,4469161,yes
media/images/projects/projects-photo-009-640x516.jpg,projects: photograph 9,640,516,221146,yes
media/images/projects/projects-photo-010-1280x879.jpg,projects: photograph 10,1280,879,578848,yes
media/images/projects/projects-photo-010-1920x1318.jpg,projects: photograph 10,1920,1318,1257982,yes
media/images/projects/projects-photo-010-3072x2109.jpg,"projects: photograph 10, viewer",3072,2109,3294917,yes
media/images/projects/projects-photo-010-640x439.jpg,projects: photograph 10,640,439,117509,yes
media/images/projects/projects-photo-011-1280x1926.jpg,projects: photograph 11,1280,1926,1001171,yes
media/images/projects/projects-photo-011-1920x2889.jpg,"projects: photograph 11; projects: photograph 11, viewer",1920,2889,1964442,yes
media/images/projects/projects-photo-011-640x963.jpg,projects: photograph 11,640,963,269519,yes
media/images/projects/projects-photo-012-1280x900.jpg,projects: photograph 12,1280,900,352683,yes
media/images/projects/projects-photo-012-1920x1351.jpg,projects: photograph 12,1920,1351,741907,yes
media/images/projects/projects-photo-012-3072x2161.jpg,"projects: photograph 12, viewer",3072,2161,1961409,yes
media/images/projects/projects-photo-012-640x450.jpg,projects: photograph 12,640,450,83982,yes
media/images/projects/projects-photo-013-1280x506.jpg,projects: photograph 13,1280,506,213986,yes
media/images/projects/projects-photo-013-1920x760.jpg,projects: photograph 13,1920,760,455684,yes
media/images/projects/projects-photo-013-3840x1519.jpg,"projects: photograph 13, viewer",3840,1519,1096364,yes
media/images/projects/projects-photo-013-640x253.jpg,projects: photograph 13,640,253,71935,yes
media/images/projects/projects-photo-014-1280x710.jpg,projects: photograph 14,1280,710,172503,yes
media/images/projects/projects-photo-014-1920x1065.jpg,projects: photograph 14,1920,1065,282052,yes
media/images/projects/projects-photo-014-3072x1704.jpg,"projects: photograph 14, viewer",3072,1704,685214,yes
media/images/projects/projects-photo-014-640x355.jpg,projects: photograph 14,640,355,62153,yes
media/images/social/brands-social-preview-1200x630.jpg,Social preview: brands,1200,630,390640,yes
media/images/social/portraits-social-preview-1200x630.jpg,Social preview: portraits,1200,630,149110,yes
media/images/social/projects-social-preview-1200x630.jpg,Social preview: projects,1200,630,239717,yes
media/images/social/site-social-preview-1200x630.png,Social preview: contacts; Social preview: home; Social preview: works,1200,630,1345720,yes
media/video/portraits-cover.mp4,portraits: cover video,,,3076426,yes
media/video/projects-cover.mp4,projects: cover video,,,86705954,yes
